date,demanda_gwh,temperature_2m_mean,shortwave_radiation_sum
2021-01-01,608.715931,3.6,8.78
2021-01-02,680.432407,1.7,8.24
2021-01-03,684.489215,1.4,8.41
2021-01-04,793.625993,1.6,8.72
2021-01-05,806.5881559999999,-0.3,9.68
2021-01-06,700.1445640000001,-0.5,9.47
2021-01-07,854.323166,-0.4,3.26
2021-01-08,872.357353,-0.3,1.82
2021-01-09,773.2969790000001,-0.4,2.69
2021-01-10,735.647962,1.0,9.28
2021-01-11,851.740825,0.4,9.41
2021-01-12,875.118684,-2.7,10.35
2021-01-13,874.914272,-2.3,10.62
2021-01-14,873.57723,-3.2,10.88
2021-01-15,859.3557950000001,0.0,10.48
2021-01-16,765.002342,-0.2,11.08
2021-01-17,708.974301,-1.7,11.42
2021-01-18,827.619581,-0.4,11.1
2021-01-19,846.116609,-1.5,11.03
2021-01-20,850.299079,1.9,2.99
2021-01-21,817.647661,7.8,3.72
2021-01-22,794.514658,7.6,5.84
2021-01-23,719.5108290000001,5.9,2.01
2021-01-24,655.028547,9.1,8.07
2021-01-25,775.155263,10.0,2.78
2021-01-26,770.7961019999999,11.3,6.01
2021-01-27,753.3216199999999,13.3,9.6
2021-01-28,744.101186,11.1,5.57
2021-01-29,733.183947,10.1,6.64
2021-01-30,672.206563,10.1,9.38
2021-01-31,631.678074,9.0,5.27
2021-02-01,725.30841,10.4,10.25
2021-02-02,742.016165,9.9,4.44
2021-02-03,744.032692,9.6,3.46
2021-02-04,742.410917,10.4,7.98
2021-02-05,742.180511,10.7,11.82
2021-02-06,673.2028889999999,8.2,6.72
2021-02-07,635.1844279999999,7.3,10.41
2021-02-08,757.811118,7.7,9.72
2021-02-09,789.35766,7.4,2.87
2021-02-10,767.889956,8.6,12.43
2021-02-11,757.9492240000001,9.8,4.57
2021-02-12,744.94486,11.0,10.51
2021-02-13,664.031439,8.7,12.01
2021-02-14,627.37764,8.3,13.83
2021-02-15,743.811335,8.4,12.28
2021-02-16,751.44691,7.9,13.87
2021-02-17,752.695056,9.4,13.2
2021-02-18,754.962027,9.2,13.48
2021-02-19,749.031191,9.6,15.08
2021-02-20,667.7854,10.4,14.7
2021-02-21,636.8204020000001,9.6,6.09
2021-02-22,743.3179620000001,7.4,6.84
2021-02-23,750.925914,7.3,13.04
2021-02-24,747.390312,8.4,15.55
2021-02-25,744.8102719999999,8.9,11.25
2021-02-26,740.0174790000001,10.0,14.56
2021-02-27,664.2755649999999,10.9,16.59
2021-02-28,621.167542,8.9,13.31
2021-03-01,730.802101,8.0,6.92
2021-03-02,749.835836,9.6,10.05
2021-03-03,744.167225,10.3,15.17
2021-03-04,740.268037,9.6,13.56
2021-03-05,735.72458,10.1,11.82
2021-03-06,658.451851,10.9,12.84
2021-03-07,622.68566,9.8,12.63
2021-03-08,742.93638,7.7,12.48
2021-03-09,758.3525189999999,8.2,14.81
2021-03-10,750.796647,7.3,18.94
2021-03-11,739.481269,11.1,18.38
2021-03-12,729.092448,10.5,15.22
2021-03-13,646.3014969999999,8.7,19.61
2021-03-14,606.5404120000001,9.4,17.3
2021-03-15,719.293522,10.2,19.83
2021-03-16,732.0050259999999,11.8,19.83
2021-03-17,729.775728,12.2,20.18
2021-03-18,741.473221,8.9,14.88
2021-03-19,706.043651,7.3,9.03
2021-03-20,670.4976409999999,6.5,21.37
2021-03-21,630.102703,8.2,20.33
2021-03-22,735.080366,9.1,20.34
2021-03-23,739.4374250000001,11.0,21.74
2021-03-24,731.621692,12.4,21.79
2021-03-25,726.346417,13.1,21.84
2021-03-26,719.331777,13.7,20.05
2021-03-27,648.466535,13.1,19.88
2021-03-28,571.635074,14.1,21.74
2021-03-29,691.559272,14.9,18.71
2021-03-30,695.256722,16.0,20.99
2021-03-31,679.6876530000001,16.0,22.89
2021-04-01,603.780936,16.4,20.69
2021-04-02,558.137662,13.4,12.13
2021-04-03,577.877662,13.0,19.0
2021-04-04,551.346366,12.6,23.79
2021-04-05,604.0439250000001,13.0,23.87
2021-04-06,678.9370620000001,14.2,24.43
2021-04-07,706.832348,12.5,23.69
2021-04-08,711.274992,12.2,12.07
2021-04-09,713.789777,11.0,8.88
2021-04-10,641.31352,12.0,17.97
2021-04-11,594.071686,12.1,15.03
2021-04-12,692.941728,10.0,25.43
2021-04-13,717.396928,10.3,7.79
2021-04-14,716.6541850000001,13.1,20.2
2021-04-15,722.2387090000001,13.0,12.49
2021-04-16,713.5832730000001,11.5,20.33
2021-04-17,642.86534,9.2,25.97
2021-04-18,593.2931169999999,10.6,26.25
2021-04-19,697.833818,13.1,19.98
2021-04-20,709.788735,13.4,17.56
2021-04-21,710.848815,12.3,14.29
2021-04-22,713.242666,12.3,12.51
2021-04-23,685.3986779999999,13.2,13.49
2021-04-24,620.321236,13.1,19.23
2021-04-25,584.849257,12.3,13.12
2021-04-26,689.249537,13.6,22.2
2021-04-27,703.09256,13.6,16.44
2021-04-28,698.342061,13.4,17.23
2021-04-29,697.91872,12.7,18.51
2021-04-30,688.9565259999999,11.2,18.48
2021-05-01,577.472256,11.3,21.84
2021-05-02,559.173805,12.0,21.76
2021-05-03,667.365198,12.1,15.39
2021-05-04,689.998019,14.0,26.44
2021-05-05,690.6510999999999,16.4,28.02
2021-05-06,689.028329,17.9,28.02
2021-05-07,681.3994270000001,20.0,27.56
2021-05-08,612.800041,21.3,26.54
2021-05-09,573.950672,16.5,15.11
2021-05-10,672.5174860000001,11.6,21.73
2021-05-11,690.260839,11.5,25.1
2021-05-12,696.396062,14.0,20.8
2021-05-13,695.282254,14.4,21.07
2021-05-14,688.397416,16.7,27.13
2021-05-15,622.8635969999999,19.1,26.38
2021-05-16,580.57779,20.0,24.28
2021-05-17,668.87806,19.6,28.66
2021-05-18,696.787021,20.4,27.16
2021-05-19,698.169314,19.2,28.87
2021-05-20,697.758698,20.2,28.92
2021-05-21,691.966356,22.7,27.45
2021-05-22,621.6332020000001,18.1,22.05
2021-05-23,574.18028,15.2,17.81
2021-05-24,659.025584,16.1,20.63
2021-05-25,687.45259,18.6,29.43
2021-05-26,692.3381430000001,19.7,24.49
2021-05-27,694.593137,21.6,22.97
2021-05-28,687.21766,20.7,20.36
2021-05-29,625.581869,22.7,27.9
2021-05-30,579.605519,24.2,24.57
2021-05-31,683.32724,24.6,24.42
2021-06-01,696.048627,19.9,22.71
2021-06-02,700.505017,19.5,27.48
2021-06-03,698.600649,22.2,25.31
2021-06-04,692.965661,22.2,29.47
2021-06-05,622.988965,18.7,13.66
2021-06-06,576.7397129999999,20.5,26.62
2021-06-07,687.687127,23.7,29.4
2021-06-08,719.311181,25.7,29.37
2021-06-09,727.9984790000001,26.9,29.71
2021-06-10,739.161249,26.8,29.58
2021-06-11,732.773334,25.2,24.54
2021-06-12,663.407333,24.4,28.18
2021-06-13,616.20506,25.6,26.85
2021-06-14,737.903439,25.9,26.48
2021-06-15,759.440415,26.6,23.59
2021-06-16,755.302693,25.4,24.06
2021-06-17,732.968196,18.9,19.43
2021-06-18,720.62028,18.9,19.98
2021-06-19,646.908276,18.6,24.41
2021-06-20,594.4443299999999,16.7,14.04
2021-06-21,695.3108100000001,16.8,21.46
2021-06-22,710.3957419999999,17.0,18.85
2021-06-23,701.339201,18.4,22.96
2021-06-24,667.378472,20.5,29.53
2021-06-25,694.493443,23.9,28.69
2021-06-26,651.12108,26.1,27.2
2021-06-27,606.935474,24.6,29.73
2021-06-28,706.509225,21.9,30.72
2021-06-29,727.913028,22.8,30.35
2021-06-30,744.980042,24.9,30.3
2021-07-01,745.6468229999999,26.4,30.26
2021-07-02,751.0719399999999,26.9,30.4
2021-07-03,686.746086,26.2,27.91
2021-07-04,645.1977870000001,26.0,29.62
2021-07-05,756.482667,26.5,29.83
2021-07-06,765.5216069999999,21.5,10.48
2021-07-07,749.498243,20.3,29.96
2021-07-08,743.139951,22.3,30.22
2021-07-09,749.3615159999999,25.4,29.29
2021-07-10,698.499464,28.9,29.72
2021-07-11,662.579088,30.6,27.15
2021-07-12,763.113617,25.4,29.36
2021-07-13,739.886353,20.9,29.52
2021-07-14,742.631422,22.5,29.11
2021-07-15,749.381936,24.2,29.44
2021-07-16,755.7868020000001,27.3,29.35
2021-07-17,703.58958,29.7,29.49
2021-07-18,657.129066,29.9,29.7
2021-07-19,770.181187,28.8,29.28
2021-07-20,786.064039,29.3,28.28
2021-07-21,796.392983,29.4,29.04
2021-07-22,807.661031,30.3,29.31
2021-07-23,801.290966,28.1,28.92
2021-07-24,708.875188,25.1,28.83
2021-07-25,647.414033,24.5,25.1
2021-07-26,741.7888519999999,24.2,25.44
2021-07-27,764.664988,26.5,27.91
2021-07-28,777.471567,27.9,28.06
2021-07-29,786.049111,28.7,27.98
2021-07-30,780.535725,28.4,28.56
2021-07-31,688.6021430000001,22.0,21.91
2021-08-01,610.030071,20.3,26.18
2021-08-02,692.2965389999999,23.0,26.52
2021-08-03,716.478894,25.2,25.98
2021-08-04,726.92959,26.3,24.97
2021-08-05,737.222091,26.8,27.27
2021-08-06,733.401456,26.5,27.96
2021-08-07,676.412684,24.5,27.03
2021-08-08,615.00122,23.8,27.49
2021-08-09,688.277519,26.4,26.53
2021-08-10,712.411101,28.8,25.29
2021-08-11,735.9656650000001,30.6,23.91
2021-08-12,755.611095,30.2,26.49
2021-08-13,762.760446,31.3,24.64
2021-08-14,734.160936,33.0,24.71
2021-08-15,692.7508780000001,32.0,24.65
2021-08-16,734.676191,28.5,26.72
2021-08-17,734.157383,25.1,26.28
2021-08-18,729.6624889999999,25.7,24.88
2021-08-19,723.091039,26.5,24.75
2021-08-20,723.16805,26.6,25.52
2021-08-21,680.1778850000001,27.3,25.75
2021-08-22,642.5478860000001,28.2,24.63
2021-08-23,740.216309,29.3,23.11
2021-08-24,749.61014,26.1,18.74
2021-08-25,738.207487,24.5,21.11
2021-08-26,746.460103,26.5,20.95
2021-08-27,752.000087,27.9,23.97
2021-08-28,680.131728,26.4,24.05
2021-08-29,625.714882,25.0,22.65
2021-08-30,722.450384,25.3,23.23
2021-08-31,747.811051,25.0,21.68
2021-09-01,746.405192,20.6,12.43
2021-09-02,733.2948279999999,19.6,18.41
2021-09-03,731.068102,21.0,18.55
2021-09-04,661.105572,22.6,22.73
2021-09-05,625.9475060000001,23.6,22.07
2021-09-06,750.941319,24.9,15.51
2021-09-07,778.331589,25.6,19.35
2021-09-08,758.832979,23.1,21.77
2021-09-09,759.765067,22.1,16.5
2021-09-10,743.10971,23.0,19.39
2021-09-11,664.0345189999999,21.6,16.52
2021-09-12,624.4711729999999,23.1,21.42
2021-09-13,730.599845,22.0,11.02
2021-09-14,744.88997,18.5,7.22
2021-09-15,740.6555960000001,18.0,14.12
2021-09-16,726.396632,18.8,17.89
2021-09-17,714.163921,20.0,18.16
2021-09-18,639.4929000000001,19.8,18.89
2021-09-19,588.0682780000001,17.3,20.88
2021-09-20,692.113328,17.7,16.96
2021-09-21,696.7757369999999,16.0,20.29
2021-09-22,701.743975,16.0,13.92
2021-09-23,704.5458140000001,18.2,15.01
2021-09-24,697.179551,18.4,10.22
2021-09-25,631.054818,17.0,14.97
2021-09-26,582.860409,17.2,18.79
2021-09-27,686.152044,18.0,19.17
2021-09-28,706.3054549999999,17.5,15.93
2021-09-29,710.1123980000001,17.5,18.79
2021-09-30,702.537831,17.8,15.67
2021-10-01,692.944543,18.3,16.2
2021-10-02,630.287998,18.3,15.52
2021-10-03,585.69262,15.6,6.16
2021-10-04,665.592111,12.8,17.31
2021-10-05,681.2847539999999,16.2,14.13
2021-10-06,695.359374,17.1,17.19
2021-10-07,689.344379,16.7,17.68
2021-10-08,685.1098129999999,18.1,17.25
2021-10-09,612.730729,16.9,16.67
2021-10-10,568.730598,16.9,13.28
2021-10-11,615.6411850000001,17.0,15.17
2021-10-12,577.417811,16.8,16.35
2021-10-13,668.727443,17.2,16.83
2021-10-14,682.5967589999999,15.6,16.21
2021-10-15,681.763233,16.6,15.84
2021-10-16,616.067047,15.7,9.49
2021-10-17,573.616151,17.3,13.68
2021-10-18,675.467776,17.2,12.51
2021-10-19,692.280722,17.9,14.55
2021-10-20,693.103655,17.4,12.42
2021-10-21,688.4803149999999,16.6,12.68
2021-10-22,682.264745,15.2,14.38
2021-10-23,612.0187090000001,12.8,14.91
2021-10-24,571.138872,12.4,14.67
2021-10-25,670.783825,12.8,14.25
2021-10-26,692.31942,13.9,14.13
2021-10-27,689.359293,13.1,13.83
2021-10-28,691.1472650000001,13.4,13.3
2021-10-29,692.264935,13.7,5.08
2021-10-30,626.694705,16.3,5.29
2021-10-31,597.2471859999999,16.1,5.63
2021-11-01,576.3677439999999,14.9,11.53
2021-11-02,674.854716,10.2,9.77
2021-11-03,695.2352659999999,9.0,11.64
2021-11-04,705.890141,6.3,10.29
2021-11-05,717.19316,6.5,12.02
2021-11-06,655.441422,6.8,12.79
2021-11-07,616.104014,6.3,11.71
2021-11-08,716.917625,9.7,10.04
2021-11-09,728.0031339999999,9.1,12.12
2021-11-10,737.414445,7.7,12.03
2021-11-11,738.439482,7.5,11.7
2021-11-12,731.746944,9.4,11.38
2021-11-13,652.720566,9.5,11.45
2021-11-14,612.965856,9.0,11.51
2021-11-15,725.7026800000001,10.5,10.59
2021-11-16,748.837812,7.1,11.12
2021-11-17,753.6891069999999,8.5,10.89
2021-11-18,755.571919,7.7,9.75
2021-11-19,746.4489120000001,8.8,5.76
2021-11-20,674.480947,9.0,1.86
2021-11-21,622.5045670000001,9.9,6.87
2021-11-22,744.436995,6.6,3.61
2021-11-23,774.690327,4.0,5.22
2021-11-24,786.755043,3.6,7.68
2021-11-25,787.163875,6.0,6.61
2021-11-26,781.000985,5.0,7.65
2021-11-27,716.586063,4.6,7.49
2021-11-28,685.695321,5.0,7.28
2021-11-29,782.1279549999999,8.6,6.93
2021-11-30,788.505669,6.0,9.42
2021-12-01,797.141836,5.1,6.43
2021-12-02,800.1944350000001,5.6,7.96
2021-12-03,790.8114969999999,6.6,8.69
2021-12-04,711.448518,6.4,5.4
2021-12-05,660.5806650000001,6.9,5.59
2021-12-06,667.1958460000001,8.6,6.77
2021-12-07,710.588895,7.4,2.22
2021-12-08,684.008281,7.3,7.02
2021-12-09,782.066188,7.0,2.99
2021-12-10,776.257295,9.6,4.4
2021-12-11,692.242959,10.4,7.71
2021-12-12,644.6789640000001,7.6,8.63
2021-12-13,758.492556,5.8,9.1
2021-12-14,783.3417360000001,6.5,9.06
2021-12-15,787.1938739999999,7.2,9.08
2021-12-16,792.100159,4.9,9.02
2021-12-17,783.162446,4.4,9.01
2021-12-18,706.20551,4.5,4.19
2021-12-19,660.6288619999999,6.7,4.42
2021-12-20,771.478461,4.6,6.63
2021-12-21,772.523695,7.9,6.12
2021-12-22,757.320524,8.8,6.74
2021-12-23,729.0895019999999,7.8,2.5
2021-12-24,637.631538,10.1,3.6
2021-12-25,547.513015,9.1,1.42
2021-12-26,582.595459,8.9,1.41
2021-12-27,657.559283,12.0,7.78
2021-12-28,663.701614,10.2,7.22
2021-12-29,657.200732,7.8,5.16
2021-12-30,653.6023730000001,6.6,9.1
2021-12-31,611.387919,6.7,9.21
2022-01-01,535.144786,7.8,9.04
2022-01-02,578.855186,6.6,7.85
2022-01-03,691.970774,6.6,8.74
2022-01-04,718.047874,7.1,7.73
2022-01-05,715.070234,6.2,5.81
2022-01-06,617.9363510000001,4.2,9.03
2022-01-07,703.00457,4.4,8.87
2022-01-08,686.615314,2.9,8.74
2022-01-09,657.0999039999999,7.5,6.14
2022-01-10,756.621212,11.0,8.33
2022-01-11,771.7110779999999,9.9,9.02
2022-01-12,777.310213,6.9,10.2
2022-01-13,788.5722830000001,3.0,8.24
2022-01-14,796.150956,1.8,10.35
2022-01-15,717.1641430000001,1.1,10.31
2022-01-16,672.3810679999999,1.5,10.41
2022-01-17,790.794183,2.5,10.45
2022-01-18,809.453033,2.6,10.8
2022-01-19,813.885767,2.3,10.94
2022-01-20,813.8411040000001,4.1,10.63
2022-01-21,812.933383,3.4,10.61
2022-01-22,728.5318860000001,2.4,8.36
2022-01-23,681.487178,3.0,8.19
2022-01-24,800.222601,4.1,8.03
2022-01-25,803.957158,5.5,6.65
2022-01-26,800.205701,4.0,10.11
2022-01-27,794.878473,4.8,11.65
2022-01-28,786.143822,4.9,12.25
2022-01-29,698.9690159999999,5.0,12.32
2022-01-30,648.503898,5.7,12.44
2022-01-31,761.8327830000001,5.4,12.47
2022-02-01,774.260763,9.3,11.69
2022-02-02,762.494554,9.8,12.78
2022-02-03,760.780897,8.3,12.06
2022-02-04,756.8966409999999,9.6,8.82
2022-02-05,682.674839,9.9,10.82
2022-02-06,635.24708,7.2,13.14
2022-02-07,746.724421,7.8,13.25
2022-02-08,756.6787240000001,9.1,13.29
2022-02-09,755.748252,8.1,13.5
2022-02-10,762.082393,8.3,13.47
2022-02-11,754.633793,9.8,13.1
2022-02-12,679.947691,8.9,11.7
2022-02-13,635.7765280000001,9.5,6.72
2022-02-14,741.71903,8.5,14.18
2022-02-15,759.124039,6.5,13.99
2022-02-16,758.26598,9.1,13.08
2022-02-17,744.05002,9.4,14.68
2022-02-18,735.4270479999999,10.5,14.74
2022-02-19,677.9925579999999,9.3,5.87
2022-02-20,628.491111,6.9,15.36
2022-02-21,726.59717,9.7,15.63
2022-02-22,734.120281,10.7,16.15
2022-02-23,732.237567,10.5,14.21
2022-02-24,736.907737,10.0,13.53
2022-02-25,742.820885,8.7,2.99
2022-02-26,670.693047,8.1,3.92
2022-02-27,618.013898,9.3,10.27
2022-02-28,697.748424,9.6,16.69
2022-03-01,722.629686,9.8,16.35
2022-03-02,735.689298,11.7,15.22
2022-03-03,742.779369,7.7,5.22
2022-03-04,743.386909,8.4,10.48
2022-03-05,660.787324,6.2,13.51
2022-03-06,620.2514719999999,6.6,13.05
2022-03-07,732.4931330000001,6.7,6.96
2022-03-08,735.113962,7.5,12.75
2022-03-09,726.757341,8.1,11.99
2022-03-10,722.215252,9.2,12.86
2022-03-11,731.329705,9.5,8.09
2022-03-12,642.182296,8.4,15.05
2022-03-13,593.322595,9.4,19.28
2022-03-14,726.3644429999999,7.8,2.87
2022-03-15,727.2516459999999,12.5,10.83
2022-03-16,728.889512,12.7,12.83
2022-03-17,726.4253050000001,11.0,10.94
2022-03-18,704.8330119999999,10.0,13.14
2022-03-19,624.061488,9.1,11.64
2022-03-20,591.749465,9.9,9.34
2022-03-21,698.5503050000001,10.2,8.94
2022-03-22,717.641,9.9,9.3
2022-03-23,719.548211,8.7,7.69
2022-03-24,725.071963,8.7,7.82
2022-03-25,706.7664520000001,10.1,8.6
2022-03-26,631.663488,9.6,9.24
2022-03-27,554.0561580000001,10.8,12.93
2022-03-28,677.673545,10.3,17.59
2022-03-29,692.972303,11.4,13.99
2022-03-30,707.690926,10.3,9.53
2022-03-31,705.601198,8.9,17.33
2022-04-01,710.892602,6.6,20.85
2022-04-02,645.549332,4.4,22.89
2022-04-03,613.758289,4.4,22.64
2022-04-04,744.1001530000001,5.1,17.71
2022-04-05,762.7291389999999,5.1,9.27
2022-04-06,744.533256,8.7,22.63
2022-04-07,722.876934,12.1,23.81
2022-04-08,707.077849,10.7,18.35
2022-04-09,621.527143,12.5,15.99
2022-04-10,574.8097560000001,15.1,19.48
2022-04-11,667.783117,14.6,20.97
2022-04-12,687.2516189999999,11.5,19.36
2022-04-13,685.3631790000001,12.2,19.02
2022-04-14,585.21051,14.9,23.52
2022-04-15,536.448535,16.1,24.52
2022-04-16,551.086712,17.9,23.76
2022-04-17,527.2578490000001,18.0,23.4
2022-04-18,580.33576,18.9,25.03
2022-04-19,657.8258149999999,14.0,19.92
2022-04-20,698.469112,8.2,12.86
2022-04-21,697.710847,10.4,20.76
2022-04-22,695.63789,8.9,6.29
2022-04-23,628.779932,8.2,19.12
2022-04-24,571.994039,10.5,26.65
2022-04-25,654.7144549999999,12.5,26.75
2022-04-26,677.540715,14.2,21.37
2022-04-27,687.613611,12.7,15.27
2022-04-28,688.510063,12.2,17.6
2022-04-29,669.0223669999999,15.0,24.52
2022-04-30,592.600643,16.2,21.25
2022-05-01,528.390929,17.4,25.2
2022-05-02,614.138744,13.9,20.47
2022-05-03,677.3924989999999,12.8,16.95
2022-05-04,687.3154350000001,14.4,24.08
2022-05-05,680.762673,15.3,26.97
2022-05-06,668.5976380000001,15.6,28.22
2022-05-07,596.496276,16.6,28.2
2022-05-08,550.457934,18.3,27.99
2022-05-09,650.598557,19.5,27.24
2022-05-10,673.774152,20.7,27.23
2022-05-11,678.560086,22.3,25.96
2022-05-12,683.9813029999999,21.7,23.83
2022-05-13,678.906624,22.1,28.05
2022-05-14,613.4713449999999,21.8,23.37
2022-05-15,565.340711,19.6,24.55
2022-05-16,658.6062340000001,19.3,27.51
2022-05-17,689.1595679999999,21.0,27.82
2022-05-18,701.7015799999999,23.3,27.78
2022-05-19,716.668676,25.8,26.3
2022-05-20,714.896579,25.7,23.36
2022-05-21,645.687218,26.0,25.52
2022-05-22,591.016568,22.6,25.01
2022-05-23,692.293672,21.0,26.07
2022-05-24,699.490143,17.6,18.48
2022-05-25,683.2039139999999,15.8,27.09
2022-05-26,688.9245990000001,18.5,29.37
2022-05-27,691.1676580000001,22.9,29.73
2022-05-28,628.739734,24.3,29.43
2022-05-29,579.5047079999999,24.0,27.21
2022-05-30,672.096948,20.2,25.54
2022-05-31,699.889965,21.9,29.25
2022-06-01,709.6606489999999,23.2,28.16
2022-06-02,714.0961110000001,22.1,26.46
2022-06-03,711.4604989999999,22.5,26.28
2022-06-04,632.752836,20.9,29.08
2022-06-05,583.681514,21.6,30.08
2022-06-06,671.690704,23.8,28.35
2022-06-07,720.8173519999999,25.3,29.38
2022-06-08,734.652173,24.7,25.56
2022-06-09,740.426075,25.9,29.16
2022-06-10,740.712627,27.5,29.28
2022-06-11,678.773887,28.3,23.58
2022-06-12,633.281978,28.1,26.7
2022-06-13,758.638075,29.8,28.81
2022-06-14,798.691052,31.3,27.9
2022-06-15,816.499073,30.7,26.32
2022-06-16,810.3748830000001,29.5,25.36
2022-06-17,807.731237,30.3,27.32
2022-06-18,721.87437,31.0,26.98
2022-06-19,639.567443,23.8,26.02
2022-06-20,746.482216,22.5,24.61
2022-06-21,754.336941,21.4,27.78
2022-06-22,735.366573,19.2,20.12
2022-06-23,712.2445180000001,19.2,24.36
2022-06-24,658.1052709999999,20.3,27.83
2022-06-25,634.796661,21.4,25.81
2022-06-26,597.1201110000001,21.6,30.33
2022-06-27,697.550971,21.9,29.15
2022-06-28,717.423769,23.1,30.31
2022-06-29,727.046257,25.1,30.4
2022-06-30,724.4907830000001,24.2,28.76
2022-07-01,714.296439,24.0,29.93
2022-07-02,664.621873,27.6,28.01
2022-07-03,628.386931,28.5,26.58
2022-07-04,734.811021,28.2,30.01
2022-07-05,766.576117,28.6,30.37
2022-07-06,763.81516,25.5,24.83
2022-07-07,756.0286990000001,25.1,30.23
2022-07-08,760.229022,26.7,30.01
2022-07-09,692.3903220000001,29.2,29.52
2022-07-10,652.462732,30.6,29.78
2022-07-11,781.3235540000001,30.6,26.98
2022-07-12,811.270388,31.0,28.98
2022-07-13,827.8702149999999,32.4,28.16
2022-07-14,836.258259,33.7,28.99
2022-07-15,831.8563710000001,32.8,29.52
2022-07-16,748.6792610000001,32.5,29.18
2022-07-17,698.6660509999999,32.8,29.13
2022-07-18,822.023508,32.2,27.77
2022-07-19,823.558586,29.4,29.57
2022-07-20,823.283426,29.1,29.57
2022-07-21,836.7279030000001,30.3,28.66
2022-07-22,831.424411,31.1,28.03
2022-07-23,735.091226,30.4,29.39
2022-07-24,687.821417,31.1,28.31
2022-07-25,787.876394,30.9,28.98
2022-07-26,824.187447,28.8,27.76
2022-07-27,806.232992,28.7,27.93
2022-07-28,800.376722,29.4,28.33
2022-07-29,793.9922349999999,29.9,28.23
2022-07-30,718.385467,29.1,23.89
2022-07-31,675.415017,29.8,25.59
2022-08-01,782.866189,31.7,25.24
2022-08-02,800.0308279999999,30.4,22.58
2022-08-03,795.863729,30.8,26.4
2022-08-04,789.564733,30.2,26.79
2022-08-05,772.886414,30.1,26.87
2022-08-06,699.119098,30.0,26.44
2022-08-07,647.889366,30.1,27.04
2022-08-08,727.811301,29.4,26.26
2022-08-09,745.979959,30.3,25.87
2022-08-10,754.636552,30.2,22.67
2022-08-11,750.8439420000001,29.5,22.21
2022-08-12,750.786746,30.2,25.61
2022-08-13,698.246392,26.2,7.82
2022-08-14,629.884456,25.0,26.67
2022-08-15,622.6600159999999,24.7,26.32
2022-08-16,680.755938,24.6,25.32
2022-08-17,677.139664,21.6,22.5
2022-08-18,659.3302610000001,21.6,25.43
2022-08-19,661.916618,23.4,25.89
2022-08-20,633.6992190000001,26.2,25.45
2022-08-21,602.791839,28.6,25.2
2022-08-22,703.153961,28.3,24.03
2022-08-23,730.634865,28.5,23.42
2022-08-24,738.5584590000001,29.1,22.99
2022-08-25,736.603211,27.8,22.67
2022-08-26,725.562063,25.5,21.42
2022-08-27,656.630131,25.0,21.58
2022-08-28,615.465721,27.1,22.24
2022-08-29,727.200545,26.2,18.37
2022-08-30,750.9244669999999,27.5,23.86
2022-08-31,740.231753,26.3,24.0
2022-09-01,731.641339,24.8,23.88
2022-09-02,732.22767,24.1,22.63
2022-09-03,642.23601,22.9,22.48
2022-09-04,596.575601,22.5,23.08
2022-09-05,711.057502,22.0,23.11
2022-09-06,727.5270849999999,22.2,22.64
2022-09-07,731.678,21.2,20.92
2022-09-08,715.619573,22.5,18.19
2022-09-09,721.661277,24.7,21.7
2022-09-10,653.8048120000001,26.2,21.79
2022-09-11,619.8220570000001,27.6,21.76
2022-09-12,743.105948,26.1,13.44
2022-09-13,746.41615,22.2,13.46
2022-09-14,722.541723,18.7,13.38
2022-09-15,713.473613,18.7,14.64
2022-09-16,708.799082,20.1,19.78
2022-09-17,619.334834,21.0,20.61
2022-09-18,574.254188,22.2,16.82
2022-09-19,685.476662,20.8,14.08
2022-09-20,704.300231,21.9,19.25
2022-09-21,700.07002,21.4,18.24
2022-09-22,695.597389,21.8,18.03
2022-09-23,689.9885230000001,22.1,18.4
2022-09-24,602.468746,20.5,18.08
2022-09-25,547.492934,16.7,16.45
2022-09-26,638.740351,16.7,18.84
2022-09-27,659.456712,16.9,19.12
2022-09-28,663.780704,17.8,16.01
2022-09-29,663.7858560000001,14.9,8.17
2022-09-30,649.024388,14.0,17.72
2022-10-01,576.530486,15.9,18.31
2022-10-02,536.105027,18.8,18.72
2022-10-03,644.976653,19.6,14.44
2022-10-04,667.812384,22.0,17.77
2022-10-05,669.204132,21.0,17.48
2022-10-06,675.127531,20.9,16.96
2022-10-07,666.351834,19.2,14.95
2022-10-08,589.542598,19.2,15.7
2022-10-09,540.7964499999999,19.0,15.26
2022-10-10,644.622826,17.2,10.11
2022-10-11,654.510421,16.8,13.53
2022-10-12,557.942649,16.8,15.36
2022-10-13,641.378909,17.4,15.32
2022-10-14,654.335366,18.1,15.75
2022-10-15,579.414681,19.0,15.51
2022-10-16,540.243248,19.0,13.18
2022-10-17,645.458789,19.0,13.44
2022-10-18,666.698644,20.3,13.94
2022-10-19,678.7781239999999,20.0,9.03
2022-10-20,683.996794,17.2,5.39
2022-10-21,672.847573,15.2,6.15
2022-10-22,586.790797,15.5,9.62
2022-10-23,551.003213,15.7,8.74
2022-10-24,646.2872070000001,14.4,8.43
2022-10-25,663.966837,16.4,12.1
2022-10-26,669.5719620000001,16.4,11.23
2022-10-27,664.27672,17.8,11.13
2022-10-28,653.085719,17.6,9.32
2022-10-29,573.082907,17.4,12.23
2022-10-30,547.874045,15.3,8.7
2022-10-31,587.498589,13.1,3.5
2022-11-01,538.630845,14.0,8.05
2022-11-02,634.187151,13.5,12.4
2022-11-03,656.532768,13.7,5.21
2022-11-04,653.078471,11.6,11.54
2022-11-05,571.841348,9.3,12.74
2022-11-06,532.238943,10.4,12.38
2022-11-07,612.953806,11.0,11.84
2022-11-08,666.701201,12.2,5.58
2022-11-09,661.163333,12.8,6.04
2022-11-10,664.4499420000001,10.7,11.74
2022-11-11,664.653882,10.1,7.57
2022-11-12,588.358835,12.4,8.36
2022-11-13,542.933157,12.3,8.25
2022-11-14,652.74112,11.6,4.49
2022-11-15,651.544301,13.5,5.21
2022-11-16,681.393885,12.5,5.28
2022-11-17,679.641411,14.2,6.22
2022-11-18,675.6360870000001,10.4,8.05
2022-11-19,603.9002839999999,7.7,8.15
2022-11-20,560.680142,10.1,7.43
2022-11-21,686.937943,11.5,2.46
2022-11-22,715.617289,7.6,2.25
2022-11-23,701.571613,13.2,4.58
2022-11-24,698.309438,12.3,4.15
2022-11-25,682.256747,11.2,8.61
2022-11-26,614.7417750000001,6.9,10.1
2022-11-27,582.620008,6.5,8.99
2022-11-28,688.9074740000001,8.4,8.67
2022-11-29,712.802199,6.3,9.61
2022-11-30,724.74032,7.0,8.63
2022-12-01,730.613079,7.2,9.81
2022-12-02,731.618823,5.2,7.35
2022-12-03,659.861394,4.9,7.56
2022-12-04,616.327939,5.1,3.1
2022-12-05,707.473451,6.6,2.05
2022-12-06,645.078436,9.6,4.08
2022-12-07,693.711869,8.4,4.08
2022-12-08,632.319537,9.4,3.39
2022-12-09,671.091448,9.2,2.24
2022-12-10,623.146186,8.8,7.56
2022-12-11,606.8213639999999,7.8,2.84
2022-12-12,728.1804599999999,11.6,2.31
2022-12-13,732.934204,13.8,0.98
2022-12-14,717.540301,12.0,3.91
2022-12-15,712.548603,9.4,5.0
2022-12-16,713.514912,7.6,2.93
2022-12-17,629.7031750000001,7.6,5.09
2022-12-18,591.3869109999999,7.1,3.9
2022-12-19,708.990929,5.5,4.89
2022-12-20,724.156043,8.1,2.6
2022-12-21,711.189579,10.5,4.63
2022-12-22,694.814032,11.6,4.12
2022-12-23,657.9960450000001,10.9,3.58
2022-12-24,562.091314,9.2,4.77
2022-12-25,489.067621,9.2,8.5
2022-12-26,532.343828,8.8,8.78
2022-12-27,612.141492,7.5,8.93
2022-12-28,629.989307,7.1,8.93
2022-12-29,637.1849840000001,9.3,2.72
2022-12-30,624.064594,10.8,6.04
2022-12-31,559.7548519999999,7.6,9.14
2023-01-01,506.425906,8.5,7.52
2023-01-02,621.6458240000001,9.0,5.49
2023-01-03,677.052137,7.0,8.85
2023-01-04,689.16095,5.0,9.35
2023-01-05,671.291045,4.7,9.35
2023-01-06,580.299936,3.6,9.59
2023-01-07,626.064221,5.2,2.1
2023-01-08,614.482321,11.1,3.31
2023-01-09,702.001315,10.2,9.36
2023-01-10,731.66144,5.7,9.52
2023-01-11,738.957782,6.9,3.42
2023-01-12,743.0917870000001,4.5,9.61
2023-01-13,737.961141,5.0,7.28
2023-01-14,663.062596,3.9,7.28
2023-01-15,615.888197,6.1,6.01
2023-01-16,755.509285,6.1,2.63
2023-01-17,758.739977,8.1,9.14
2023-01-18,780.321606,3.5,8.34
2023-01-19,790.062795,3.8,6.81
2023-01-20,757.426586,9.2,8.84
2023-01-21,676.924309,6.3,10.45
2023-01-22,649.293321,2.5,11.36
2023-01-23,787.526211,2.0,10.76
2023-01-24,825.630213,1.7,6.38
2023-01-25,816.153242,2.3,11.45
2023-01-26,817.260311,4.2,8.38
2023-01-27,806.4308689999999,2.9,10.29
2023-01-28,718.692953,3.7,10.49
2023-01-29,675.983757,1.6,10.85
2023-01-30,795.325338,1.2,12.2
2023-01-31,803.69892,1.8,12.29
2023-02-01,801.6623320000001,4.3,12.34
2023-02-02,790.9755670000001,4.9,12.5
2023-02-03,775.6323689999999,5.5,12.91
2023-02-04,684.167496,5.8,13.12
2023-02-05,638.690856,7.3,13.23
2023-02-06,775.39985,5.3,13.25
2023-02-07,808.0314579999999,4.1,10.48
2023-02-08,805.4269320000001,5.5,8.27
2023-02-09,795.32555,5.6,7.6
2023-02-10,791.8338719999999,4.5,12.35
2023-02-11,696.7167539999999,3.9,13.44
2023-02-12,648.805368,4.8,11.36
2023-02-13,763.9418919999999,5.2,12.88
2023-02-14,776.3497580000001,6.3,7.28
2023-02-15,765.234644,7.6,12.34
2023-02-16,756.1847730000001,7.3,14.74
2023-02-17,745.841242,7.5,15.15
2023-02-18,656.9587290000001,8.4,10.03
2023-02-19,604.243142,11.4,14.18
2023-02-20,703.843757,12.3,12.89
2023-02-21,718.54225,11.1,12.91
2023-02-22,723.179886,10.4,14.14
2023-02-23,744.746598,7.3,10.06
2023-02-24,741.153705,4.1,16.51
2023-02-25,670.49514,3.4,14.59
2023-02-26,633.054625,4.1,13.96
2023-02-27,769.247838,2.3,13.25
2023-02-28,774.548797,1.9,16.96
2023-03-01,790.626199,1.5,13.3
2023-03-02,796.20401,3.2,17.51
2023-03-03,772.9374009999999,4.5,17.63
2023-03-04,674.0177389999999,5.8,17.77
2023-03-05,635.805655,5.0,6.15
2023-03-06,739.4409,8.1,8.23
2023-03-07,736.668395,10.6,13.38
2023-03-08,726.3656850000001,12.6,10.29
2023-03-09,716.452857,13.5,14.3
2023-03-10,689.27337,12.6,16.83
2023-03-11,608.584638,14.1,16.61
2023-03-12,557.4399540000001,15.3,18.21
2023-03-13,658.9060770000001,14.3,18.42
2023-03-14,669.720805,11.8,18.41
2023-03-15,669.6869,12.0,19.36
2023-03-16,671.404492,14.6,18.17
2023-03-17,669.89872,13.8,15.78
2023-03-18,603.23337,11.1,13.5
2023-03-19,551.700834,12.0,20.29
2023-03-20,641.384343,12.5,20.32
2023-03-21,667.437684,13.8,20.09
2023-03-22,665.415519,14.4,20.33
2023-03-23,664.773196,15.2,20.11
2023-03-24,664.920294,13.8,16.05
2023-03-25,595.900869,14.1,19.07
2023-03-26,525.9332830000001,15.0,21.64
2023-03-27,642.067363,13.0,22.27
2023-03-28,655.2299320000001,14.4,22.03
2023-03-29,657.287875,16.7,22.1
2023-03-30,660.755927,17.4,21.38
2023-03-31,660.236946,15.4,16.2
2023-04-01,592.046555,14.4,15.37
2023-04-02,548.874924,11.6,23.44
2023-04-03,639.072811,11.7,23.36
2023-04-04,652.016035,13.6,24.53
2023-04-05,639.631827,13.1,24.85
2023-04-06,564.889452,15.1,24.28
2023-04-07,518.549539,15.8,24.46
2023-04-08,531.339729,17.7,24.4
2023-04-09,508.94786,18.8,23.91
2023-04-10,562.915862,20.1,23.79
2023-04-11,631.802137,18.9,24.47
2023-04-12,660.1152,16.1,18.31
2023-04-13,658.532314,12.0,24.81
2023-04-14,664.022635,14.5,17.31
2023-04-15,592.441566,16.3,22.83
2023-04-16,547.231264,16.8,25.56
2023-04-17,634.831145,17.0,25.98
2023-04-18,654.865618,15.7,26.15
2023-04-19,654.950573,16.8,25.09
2023-04-20,656.6535180000001,19.4,25.82
2023-04-21,650.9803199999999,19.2,23.28
2023-04-22,590.4958,16.1,21.93
2023-04-23,544.376883,16.1,25.67
2023-04-24,633.779346,18.4,25.17
2023-04-25,659.05916,20.9,24.17
2023-04-26,661.852956,21.5,26.7
2023-04-27,666.8293120000001,22.9,25.44
2023-04-28,661.354264,24.1,23.92
2023-04-29,592.081712,22.2,17.18
2023-04-30,542.193983,19.5,22.02
2023-05-01,523.889313,19.3,26.86
2023-05-02,622.4347349999999,20.9,25.44
2023-05-03,660.714847,22.4,23.81
2023-05-04,665.2909080000001,20.5,25.65
2023-05-05,659.6169229999999,19.6,27.47
2023-05-06,590.485791,20.1,27.69
2023-05-07,548.502085,21.1,26.1
2023-05-08,642.369829,21.9,25.1
2023-05-09,668.097149,22.9,25.14
2023-05-10,663.5311139999999,19.1,26.79
2023-05-11,657.13564,16.6,27.38
2023-05-12,656.184255,14.2,25.06
2023-05-13,585.306083,14.3,25.35
2023-05-14,542.358512,15.4,24.16
2023-05-15,631.619964,15.5,21.32
2023-05-16,651.749949,15.9,28.35
2023-05-17,643.132606,15.9,27.36
2023-05-18,651.1378100000001,15.5,28.84
2023-05-19,646.5342410000001,15.2,26.7
2023-05-20,576.238824,15.0,24.4
2023-05-21,535.4669819999999,16.1,22.41
2023-05-22,639.4224810000001,17.8,20.39
2023-05-23,654.198935,16.8,22.63
2023-05-24,650.279581,17.2,22.67
2023-05-25,651.7247120000001,17.3,20.83
2023-05-26,638.2496219999999,15.8,11.19
2023-05-27,566.5485080000001,15.9,16.2
2023-05-28,521.285615,16.0,19.54
2023-05-29,621.366375,16.4,21.87
2023-05-30,638.434329,16.2,20.38
2023-05-31,640.059655,17.3,25.38
2023-06-01,649.942676,17.2,24.55
2023-06-02,642.678488,16.2,19.52
2023-06-03,571.7647410000001,17.8,26.65
2023-06-04,529.995247,18.6,25.43
2023-06-05,632.165698,19.2,24.46
2023-06-06,660.6496679999999,20.7,27.93
2023-06-07,675.239156,18.6,5.58
2023-06-08,666.873185,18.0,12.38
2023-06-09,657.4319429999999,18.7,24.22
2023-06-10,585.434217,20.2,24.32
2023-06-11,546.386353,21.3,26.35
2023-06-12,654.286647,20.1,24.01
2023-06-13,671.548429,19.3,24.99
2023-06-14,675.0317249999999,20.8,21.72
2023-06-15,685.681558,23.8,27.32
2023-06-16,695.921152,25.9,29.22
2023-06-17,627.665321,27.3,24.71
2023-06-18,577.9543719999999,23.2,23.43
2023-06-19,684.896351,23.9,24.08
2023-06-20,704.7033710000001,23.5,25.15
2023-06-21,714.975961,22.2,20.97
2023-06-22,709.4220829999999,21.8,25.82
2023-06-23,705.413541,25.4,29.3
2023-06-24,628.176282,27.3,29.7
2023-06-25,616.012038,30.1,28.38
2023-06-26,753.0181530000001,30.4,28.91
2023-06-27,772.286006,29.5,28.18
2023-06-28,777.596436,29.1,27.51
2023-06-29,771.072346,28.4,28.18
2023-06-30,729.1571319999999,23.2,29.81
2023-07-01,646.254981,25.1,29.28
2023-07-02,615.130595,27.2,27.05
2023-07-03,741.756166,28.4,27.21
2023-07-04,754.07466,28.1,29.28
2023-07-05,756.329156,26.7,25.99
2023-07-06,760.166347,27.5,29.09
2023-07-07,752.018825,26.7,26.99
2023-07-08,665.130797,26.8,29.95
2023-07-09,628.912612,27.1,28.71
2023-07-10,778.80077,30.0,29.51
2023-07-11,820.2434860000001,31.3,29.89
2023-07-12,813.329123,27.8,22.0
2023-07-13,799.787648,28.1,29.08
2023-07-14,800.5273930000001,29.3,29.53
2023-07-15,698.753666,26.8,29.35
2023-07-16,639.8801189999999,26.4,29.65
2023-07-17,781.3954960000001,29.5,28.34
2023-07-18,824.598568,32.4,28.9
2023-07-19,837.501706,32.2,28.88
2023-07-20,818.438549,29.5,29.69
2023-07-21,780.090042,26.6,25.59
2023-07-22,681.9435609999999,26.0,25.0
2023-07-23,646.041839,28.0,29.25
2023-07-24,752.1054340000001,26.9,28.39
2023-07-25,721.372938,24.8,28.88
2023-07-26,733.046018,25.7,28.83
2023-07-27,748.428535,27.5,28.47
2023-07-28,740.713259,27.3,28.4
2023-07-29,680.8510500000001,28.2,28.22
2023-07-30,645.350877,29.5,27.91
2023-07-31,736.624838,30.1,27.98
2023-08-01,754.106067,29.5,28.07
2023-08-02,767.572867,29.1,27.75
2023-08-03,743.787712,26.7,27.69
2023-08-04,689.6788170000001,22.2,28.04
2023-08-05,616.7049030000001,24.3,27.62
2023-08-06,594.272852,27.8,27.3
2023-08-07,677.200493,27.5,27.28
2023-08-08,710.098443,30.2,26.2
2023-08-09,730.621532,32.1,25.03
2023-08-10,746.766603,31.7,27.32
2023-08-11,739.1058889999999,30.4,26.82
2023-08-12,680.130564,30.7,26.19
2023-08-13,633.561647,30.3,25.95
2023-08-14,679.049268,28.7,26.37
2023-08-15,632.371277,28.2,25.87
2023-08-16,697.609563,28.4,26.13
2023-08-17,705.886436,28.2,25.79
2023-08-18,708.620632,27.8,24.25
2023-08-19,669.852416,28.4,24.88
2023-08-20,650.595656,30.2,25.17
2023-08-21,769.909688,32.0,24.04
2023-08-22,791.9087959999999,32.5,24.79
2023-08-23,805.114493,32.0,24.8
2023-08-24,806.257924,31.5,24.79
2023-08-25,795.7774969999999,31.2,24.24
2023-08-26,704.096731,27.9,16.39
2023-08-27,589.812346,21.0,20.48
2023-08-28,666.2517439999999,20.8,23.94
2023-08-29,684.519165,22.0,20.78
2023-08-30,691.6906759999999,22.3,21.15
2023-08-31,696.6332560000001,23.9,23.74
2023-09-01,707.897142,25.3,21.2
2023-09-02,617.334231,19.6,14.68
2023-09-03,567.635528,18.1,4.28
2023-09-04,680.749198,19.6,14.03
2023-09-05,702.074366,20.5,21.2
2023-09-06,713.455091,21.6,20.48
2023-09-07,718.709335,22.8,19.0
2023-09-08,696.8071580000001,22.6,20.47
2023-09-09,623.8140649999999,21.7,17.59
2023-09-10,582.350336,21.0,19.68
2023-09-11,670.861718,19.9,19.4
2023-09-12,705.037939,19.6,19.15
2023-09-13,705.471848,20.5,20.82
2023-09-14,712.650088,20.5,19.49
2023-09-15,704.741902,19.9,15.53
2023-09-16,610.152639,18.5,14.54
2023-09-17,573.6426260000001,17.4,9.59
2023-09-18,665.8580820000001,16.5,13.26
2023-09-19,683.286703,17.0,18.77
2023-09-20,680.36313,17.6,20.1
2023-09-21,682.301958,15.9,7.55
2023-09-22,657.786885,15.5,19.85
2023-09-23,577.3866419999999,15.1,20.02
2023-09-24,541.155475,17.1,20.02
2023-09-25,644.344176,19.1,19.77
2023-09-26,673.007777,20.0,19.12
2023-09-27,684.381179,20.1,18.43
2023-09-28,688.482194,20.9,18.8
2023-09-29,682.620495,22.2,18.76
2023-09-30,608.394984,22.1,18.43
2023-10-01,568.5924100000001,22.5,18.57
2023-10-02,677.907782,21.6,18.3
2023-10-03,694.129802,21.5,17.48
2023-10-04,697.359162,21.3,17.51
2023-10-05,698.683251,22.2,17.57
2023-10-06,699.421954,21.9,17.55
2023-10-07,618.380502,21.3,17.4
2023-10-08,572.2030649999999,21.2,17.13
2023-10-09,661.444716,20.9,16.82
2023-10-10,682.328873,19.5,16.88
2023-10-11,676.631446,18.9,16.68
2023-10-12,575.5049449999999,19.4,16.31
2023-10-13,615.3947929999999,19.3,12.62
2023-10-14,578.5790969999999,17.7,12.14
2023-10-15,541.8763299999999,16.8,11.46
2023-10-16,656.5823780000001,17.3,9.46
2023-10-17,685.735457,19.0,11.49
2023-10-18,691.544263,17.5,11.83
2023-10-19,695.58862,15.3,2.39
2023-10-20,670.024187,12.7,11.44
2023-10-21,578.655968,10.9,11.69
2023-10-22,547.584426,11.2,7.4
2023-10-23,652.39601,12.1,9.88
2023-10-24,668.310627,11.2,7.69
2023-10-25,680.986583,14.4,8.4
2023-10-26,695.519318,16.0,6.31
2023-10-27,681.696979,12.4,9.09
2023-10-28,600.928081,13.6,9.11
2023-10-29,584.792106,13.8,5.49
2023-10-30,663.807745,12.2,10.36
2023-10-31,677.491268,9.4,7.76
2023-11-01,595.4473939999999,11.6,4.45
2023-11-02,681.524046,13.1,5.61
2023-11-03,688.9100520000001,9.4,9.0
2023-11-04,621.381226,12.0,3.82
2023-11-05,573.8013199999999,10.4,9.25
2023-11-06,677.205414,8.4,11.11
2023-11-07,699.2910400000001,6.8,9.41
2023-11-08,713.708037,7.9,7.53
2023-11-09,703.9932689999999,11.4,11.88
2023-11-10,703.5133020000001,10.7,8.25
2023-11-11,628.50413,14.1,6.63
2023-11-12,573.478299,14.6,8.96
2023-11-13,672.700842,15.0,9.49
2023-11-14,682.941124,12.3,7.42
2023-11-15,690.21789,11.4,6.23
2023-11-16,694.39937,12.1,6.08
2023-11-17,681.9798440000001,12.0,7.09
2023-11-18,604.200644,11.3,9.43
2023-11-19,560.129864,11.2,10.65
2023-11-20,674.0971629999999,10.4,10.34
2023-11-21,697.706662,9.3,9.54
2023-11-22,709.139885,9.5,8.83
2023-11-23,713.8637070000001,7.7,10.69
2023-11-24,715.11411,6.6,10.51
2023-11-25,635.313081,7.8,10.27
2023-11-26,602.3809679999999,7.3,9.89
2023-11-27,720.961771,7.8,6.8
2023-11-28,737.0050180000001,9.5,5.3
2023-11-29,735.891426,12.5,5.0
2023-11-30,724.390897,13.4,2.49
2023-12-01,721.843711,9.3,6.63
2023-12-02,646.5200060000001,6.4,8.51
2023-12-03,624.482267,4.0,7.73
2023-12-04,743.449538,6.7,6.92
2023-12-05,751.52263,5.8,6.29
2023-12-06,674.816633,5.8,7.65
2023-12-07,701.438509,5.9,3.19
2023-12-08,638.30487,8.8,7.11
2023-12-09,633.89778,8.6,4.15
2023-12-10,604.532257,11.0,2.66
2023-12-11,712.662101,10.4,4.67
2023-12-12,734.744889,9.5,3.07
2023-12-13,741.549886,9.8,8.02
2023-12-14,745.172248,6.4,6.74
2023-12-15,739.184562,8.1,8.66
2023-12-16,662.260256,5.1,9.25
2023-12-17,636.365322,3.8,9.26
2023-12-18,758.212531,3.6,9.09
2023-12-19,774.315347,3.2,9.21
2023-12-20,781.4421189999999,4.7,7.41
2023-12-21,758.82216,5.8,8.65
2023-12-22,721.4132510000001,5.5,9.02
2023-12-23,640.883947,5.0,9.1
2023-12-24,596.118636,4.6,9.04
2023-12-25,553.617338,2.9,9.13
2023-12-26,654.679567,1.6,7.05
2023-12-27,703.161901,3.1,7.93
2023-12-28,710.999762,2.5,7.07
2023-12-29,698.783477,3.4,3.19
2023-12-30,630.400595,4.1,8.81
2023-12-31,606.791929,6.9,3.87
2024-01-01,555.244867,5.0,7.15
2024-01-02,703.0152879999999,5.4,2.95
2024-01-03,721.6471650000001,10.6,2.19
2024-01-04,726.021564,9.4,2.52
2024-01-05,697.927044,6.6,7.57
2024-01-06,614.433071,5.4,8.45
2024-01-07,637.873153,3.7,9.34
2024-01-08,784.3443050000001,2.0,8.6
2024-01-09,811.334555,5.0,6.99
2024-01-10,818.55439,5.1,3.39
2024-01-11,808.748333,4.0,8.6
2024-01-12,805.039453,2.0,9.87
2024-01-13,717.2995960000001,3.8,4.9
2024-01-14,660.4676469999999,6.2,2.26
2024-01-15,770.26823,11.3,3.23
2024-01-16,770.3864719999999,12.9,4.36
2024-01-17,759.854347,11.2,4.64
2024-01-18,742.783492,11.2,6.92
2024-01-19,776.526605,7.3,2.26
2024-01-20,683.0339329999999,5.7,9.9
2024-01-21,640.605651,5.8,9.79
2024-01-22,756.819433,5.2,7.08
2024-01-23,753.1386090000001,6.6,8.01
2024-01-24,740.425099,9.1,10.61
2024-01-25,731.835908,9.4,11.16
2024-01-26,723.523058,10.3,10.16
2024-01-27,637.219431,10.1,10.1
2024-01-28,600.5421090000001,9.1,11.3
2024-01-29,722.022961,9.2,9.38
2024-01-30,739.056741,7.9,11.62
2024-01-31,743.5792240000001,6.4,8.81
2024-02-01,742.360015,9.1,12.08
2024-02-02,732.1377560000001,8.4,11.94
2024-02-03,645.6837780000001,8.0,12.48
2024-02-04,603.124588,8.1,12.64
2024-02-05,723.7510940000001,7.3,10.43
2024-02-06,737.643259,8.6,9.7
2024-02-07,749.239087,7.9,5.39
2024-02-08,753.771808,9.5,3.92
2024-02-09,755.078183,9.7,3.84
2024-02-10,663.286901,7.4,10.81
2024-02-11,637.388013,4.6,5.5
2024-02-12,714.8052929999999,9.4,10.62
2024-02-13,711.774274,11.2,6.94
2024-02-14,720.159286,11.8,7.98
2024-02-15,729.110689,11.3,5.35
2024-02-16,717.79965,11.1,12.39
2024-02-17,624.221905,8.7,14.9
2024-02-18,584.974522,8.6,13.58
2024-02-19,689.633162,10.6,14.49
2024-02-20,701.8832639999999,10.1,15.75
2024-02-21,717.4591929999999,9.3,10.11
2024-02-22,727.08155,10.6,7.81
2024-02-23,724.628099,6.2,12.47
2024-02-24,657.800038,5.9,14.13
2024-02-25,626.143633,9.4,7.74
2024-02-26,730.57386,8.5,13.78
2024-02-27,746.1429039999999,6.3,13.26
2024-02-28,732.016128,6.9,15.01
2024-02-29,735.852499,6.9,16.02
2024-03-01,729.467223,6.8,14.36
2024-03-02,666.467109,6.9,4.83
2024-03-03,621.709846,5.3,13.89
2024-03-04,737.435932,8.1,9.82
2024-03-05,723.424215,7.6,15.94
2024-03-06,729.789252,6.8,17.46
2024-03-07,746.093475,8.0,9.25
2024-03-08,749.031934,6.5,10.68
2024-03-09,692.4198710000001,6.4,9.5
2024-03-10,627.3037290000001,7.6,12.61
2024-03-11,717.4392610000001,8.8,14.16
2024-03-12,716.317541,8.6,19.18
2024-03-13,716.865216,10.1,18.27
2024-03-14,717.4875159999999,11.0,15.86
2024-03-15,698.375264,11.2,16.42
2024-03-16,619.190554,12.2,12.59
2024-03-17,571.959711,14.2,16.79
2024-03-18,656.466182,14.3,14.08
2024-03-19,650.9429399999999,16.0,19.97
2024-03-20,677.7158760000001,15.5,17.17
2024-03-21,684.131084,16.7,18.45
2024-03-22,675.156316,17.8,19.92
2024-03-23,603.767889,17.1,20.35
2024-03-24,563.702618,16.5,21.12
2024-03-25,685.192419,12.9,9.28
2024-03-26,699.802428,7.1,15.58
2024-03-27,695.4085200000001,8.3,10.02
2024-03-28,617.996902,10.8,12.8
2024-03-29,573.029121,8.2,4.36
2024-03-30,588.708264,6.8,11.02
2024-03-31,561.84785,6.9,11.72
2024-04-01,623.303276,7.4,17.77
2024-04-02,694.6461310000001,8.7,10.21
2024-04-03,688.565412,12.1,17.56
2024-04-04,677.501897,12.9,22.34
2024-04-05,671.728963,14.7,21.95
2024-04-06,604.539804,17.2,16.68
2024-04-07,561.8309989999999,16.6,18.45
2024-04-08,657.5102360000001,13.1,19.22
2024-04-09,668.332691,9.8,24.31
2024-04-10,668.277546,11.9,24.08
2024-04-11,666.051,16.4,24.01
2024-04-12,664.534289,16.6,24.82
2024-04-13,585.627137,18.4,25.23
2024-04-14,543.7957719999999,19.1,24.8
2024-04-15,648.4673,20.5,23.46
2024-04-16,666.104149,18.7,25.23
2024-04-17,661.8681829999999,15.1,25.68
2024-04-18,666.332603,15.0,26.05
2024-04-19,663.124782,14.3,25.87
2024-04-20,589.5570740000001,17.2,23.82
2024-04-21,546.008854,16.5,26.21
2024-04-22,651.354591,12.9,26.66
2024-04-23,667.541496,10.5,23.9
2024-04-24,675.674227,11.8,26.55
2024-04-25,691.5143860000001,13.3,16.71
2024-04-26,675.5067389999999,12.9,19.22
2024-04-27,611.9889919999999,11.4,21.48
2024-04-28,568.776214,10.7,25.59
2024-04-29,672.239614,11.7,22.42
2024-04-30,665.002708,12.3,22.82
2024-05-01,568.495068,10.2,21.39
2024-05-02,635.5019840000001,9.9,22.07
2024-05-03,652.238521,12.0,25.51
2024-05-04,593.627948,15.6,27.28
2024-05-05,555.852311,15.9,16.09
2024-05-06,648.228123,15.5,23.0
2024-05-07,652.583945,15.2,27.27
2024-05-08,658.8730529999999,16.9,27.82
2024-05-09,655.8913050000001,19.2,25.84
2024-05-10,645.699657,21.4,28.21
2024-05-11,580.019888,21.6,27.59
2024-05-12,541.0090309999999,21.3,25.06
2024-05-13,646.028397,20.8,24.25
2024-05-14,665.540527,16.3,22.14
2024-05-15,655.349807,13.9,23.46
2024-05-16,661.439853,13.2,21.71
2024-05-17,652.0484749999999,14.8,22.51
2024-05-18,584.137337,15.5,25.15
2024-05-19,545.024052,15.1,25.05
2024-05-20,632.021971,14.5,24.48
2024-05-21,656.109774,14.6,20.82
2024-05-22,659.114186,15.4,21.46
2024-05-23,657.885535,17.3,29.82
2024-05-24,652.6637099999999,19.5,29.37
2024-05-25,584.566506,21.4,29.85
2024-05-26,543.898242,21.8,28.49
2024-05-27,656.440291,22.8,29.17
2024-05-28,665.817233,23.4,28.98
2024-05-29,678.938262,26.0,29.11
2024-05-30,684.2334000000001,26.3,27.05
2024-05-31,672.026119,22.4,29.1
2024-06-01,605.685889,20.0,29.81
2024-06-02,560.792014,20.2,30.03
2024-06-03,664.2496629999999,21.5,27.08
2024-06-04,676.223208,23.9,27.33
2024-06-05,690.706326,26.4,28.85
2024-06-06,709.405629,27.7,27.01
2024-06-07,709.0815200000001,27.1,23.56
2024-06-08,625.01726,20.4,11.97
2024-06-09,564.689066,19.8,22.32
2024-06-10,667.36068,16.9,12.03
2024-06-11,675.023098,17.7,29.19
2024-06-12,669.532698,17.7,26.14
2024-06-13,656.76975,18.9,29.96
2024-06-14,674.2067659999999,22.1,30.48
2024-06-15,601.068708,22.3,30.19
2024-06-16,561.5145110000001,22.3,30.3
2024-06-17,681.820916,23.6,30.38
2024-06-18,699.419396,21.7,19.93
2024-06-19,690.8842709999999,18.4,26.54
2024-06-20,684.4346409999999,17.2,22.29
2024-06-21,669.689165,20.0,29.16
2024-06-22,608.8385159999999,23.1,27.05
2024-06-23,569.494463,24.0,22.96
2024-06-24,649.416806,25.1,29.61
2024-06-25,712.922105,27.0,27.25
2024-06-26,717.892384,25.3,21.04
2024-06-27,721.054708,26.1,24.83
2024-06-28,715.5112190000001,23.8,23.44
2024-06-29,630.142827,19.7,15.1
2024-06-30,584.627364,20.4,20.28
2024-07-01,681.4092489999999,22.0,27.05
2024-07-02,703.491606,22.5,29.16
2024-07-03,721.171089,25.0,30.1
2024-07-04,741.981107,28.6,29.8
2024-07-05,744.021161,29.5,28.53
2024-07-06,655.275862,27.8,25.84
2024-07-07,592.880387,24.0,29.84
2024-07-08,704.684064,25.7,29.73
2024-07-09,735.32224,26.3,28.83
2024-07-10,756.032335,27.3,29.16
2024-07-11,784.4064649999999,29.0,29.1
2024-07-12,774.064671,27.4,29.95
2024-07-13,669.619273,26.2,29.3
2024-07-14,619.81561,26.5,29.73
2024-07-15,746.76075,25.5,28.32
2024-07-16,761.435351,25.5,29.98
2024-07-17,769.574128,27.2,28.65
2024-07-18,788.334388,29.1,26.73
2024-07-19,798.658134,30.7,29.23
2024-07-20,713.125299,29.4,28.14
2024-07-21,642.305943,26.5,29.21
2024-07-22,742.688427,27.0,29.6
2024-07-23,783.735147,30.2,28.62
2024-07-24,806.576408,32.6,27.95
2024-07-25,773.95513,32.6,27.99
2024-07-26,773.590842,30.8,26.72
2024-07-27,703.718397,31.6,26.2
2024-07-28,669.515361,31.7,26.92
2024-07-29,795.6618980000001,30.1,19.25
2024-07-30,814.439123,31.0,26.42
2024-07-31,808.4463460000001,30.9,28.11
2024-08-01,822.334593,30.1,28.28
2024-08-02,796.742399,29.0,24.83
2024-08-03,700.12236,29.0,27.52
2024-08-04,664.411431,30.6,26.65
2024-08-05,759.0026899999999,31.4,26.88
2024-08-06,771.423581,31.1,27.26
2024-08-07,772.0732489999999,31.0,27.17
2024-08-08,772.401538,30.9,26.86
2024-08-09,772.935824,32.2,25.68
2024-08-10,713.464803,32.0,26.68
2024-08-11,671.7017219999999,31.4,25.8
2024-08-12,750.014535,30.6,26.07
2024-08-13,737.828997,27.0,18.61
2024-08-14,702.725921,25.1,23.63
2024-08-15,617.541371,23.5,26.48
2024-08-16,655.0903860000001,26.2,26.2
2024-08-17,647.929123,28.3,24.38
2024-08-18,628.945697,28.6,23.95
2024-08-19,712.297821,27.4,25.34
2024-08-20,732.7007950000001,29.1,25.16
2024-08-21,742.774409,27.9,23.44
2024-08-22,749.146713,29.3,21.27
2024-08-23,743.44672,29.1,23.88
2024-08-24,688.878926,29.0,23.98
2024-08-25,647.915767,27.2,24.04
2024-08-26,738.601944,27.3,21.88
2024-08-27,765.981401,28.5,23.99
2024-08-28,777.702507,28.8,22.39
2024-08-29,767.391885,24.0,15.83
2024-08-30,754.8771360000001,22.4,16.59
2024-08-31,679.4891899999999,22.1,15.0
2024-09-01,635.520797,23.4,21.28
2024-09-02,747.148328,24.4,22.54
2024-09-03,749.492829,23.7,21.73
2024-09-04,724.877568,21.3,19.53
2024-09-05,711.286885,20.1,19.01
2024-09-06,713.336528,20.4,21.42
2024-09-07,627.865294,19.3,22.5
2024-09-08,586.4392809999999,21.3,22.06
2024-09-09,678.9595770000001,21.4,22.49
2024-09-10,702.6764350000001,22.9,22.22
2024-09-11,690.262905,22.8,21.64
2024-09-12,712.00362,22.7,19.97
2024-09-13,684.372294,18.2,22.09
2024-09-14,603.145351,18.4,21.54
2024-09-15,565.91459,22.1,21.64
2024-09-16,677.158157,21.9,21.81
2024-09-17,693.667015,20.6,21.28
2024-09-18,697.6821090000001,20.6,18.25
2024-09-19,695.367747,18.4,13.99
2024-09-20,686.3114350000001,17.8,13.04
2024-09-21,612.520092,18.4,13.88
2024-09-22,563.714064,18.5,17.14
2024-09-23,658.402489,18.2,18.45
2024-09-24,666.549893,16.6,13.26
2024-09-25,690.170306,17.8,7.67
2024-09-26,709.563671,19.2,12.46
2024-09-27,681.451804,16.6,18.17
2024-09-28,586.4117560000001,14.4,19.42
2024-09-29,547.1300699999999,16.2,18.63
2024-09-30,651.718723,19.5,18.56
2024-10-01,684.612618,20.4,14.72
2024-10-02,704.137965,21.1,12.65
2024-10-03,693.438927,19.7,17.42
2024-10-04,675.76786,18.1,14.41
2024-10-05,606.869229,19.1,15.43
2024-10-06,577.1730600000001,20.3,13.13
2024-10-07,690.070631,17.5,7.15
2024-10-08,690.974941,14.9,9.77
2024-10-09,688.394281,16.4,4.13
2024-10-10,674.602585,14.5,15.39
2024-10-11,664.5655840000001,13.2,11.61
2024-10-12,589.2723249999999,16.3,6.42
2024-10-13,549.3904030000001,16.3,11.04
2024-10-14,668.027312,17.1,7.69
2024-10-15,693.3356160000001,16.8,8.68
2024-10-16,696.26798,17.3,10.97
2024-10-17,689.262671,13.4,10.04
2024-10-18,672.083364,12.2,15.15
2024-10-19,592.622751,15.3,11.76
2024-10-20,556.2632580000001,14.8,9.81
2024-10-21,652.929134,15.2,14.29
2024-10-22,677.075735,16.0,12.64
2024-10-23,675.0293029999999,15.3,11.32
2024-10-24,675.732064,15.4,8.19
2024-10-25,680.7534420000001,14.3,6.98
2024-10-26,600.259491,9.2,10.51
2024-10-27,592.8180110000001,8.5,10.83
2024-10-28,674.87449,12.7,12.04
2024-10-29,700.574099,14.3,5.44
2024-10-30,687.653302,14.5,12.1
2024-10-31,666.086577,14.3,10.72
2024-11-01,576.9556409999999,14.4,9.33
2024-11-02,573.530388,13.3,9.58
2024-11-03,554.206328,13.1,8.76
2024-11-04,651.65341,13.1,7.89
2024-11-05,671.008768,13.4,8.32
2024-11-06,674.7635300000001,13.7,12.0
2024-11-07,675.631479,12.7,10.97
2024-11-08,682.33602,11.7,6.47
2024-11-09,603.689931,11.7,8.0
2024-11-10,564.790043,11.4,7.91
2024-11-11,667.0316809999999,12.0,10.33
2024-11-12,698.6677900000001,9.3,9.7
2024-11-13,729.582134,6.4,4.2
2024-11-14,713.1202920000001,11.3,8.1
2024-11-15,704.955638,12.7,6.72
2024-11-16,622.8788040000001,11.2,8.61
2024-11-17,578.882985,11.2,10.41
2024-11-18,682.82751,12.3,10.36
2024-11-19,698.6712210000001,11.0,8.52
2024-11-20,707.107296,11.6,9.97
2024-11-21,723.2494889999999,10.1,8.34
2024-11-22,708.584877,11.4,8.44
2024-11-23,627.9035779999999,10.7,5.35
2024-11-24,588.974226,11.5,8.28
2024-11-25,698.078343,14.1,3.74
2024-11-26,720.149567,7.5,6.78
2024-11-27,724.324978,7.0,9.85
2024-11-28,730.7084570000001,7.0,9.9
2024-11-29,718.561576,8.4,8.06
2024-11-30,635.729236,9.6,9.29
2024-12-01,603.0315770000001,9.1,6.73
2024-12-02,706.645856,10.6,7.05
2024-12-03,723.815781,9.7,8.25
2024-12-04,733.823736,10.7,8.74
2024-12-05,728.678452,8.5,8.78
2024-12-06,634.732969,9.4,8.8
2024-12-07,626.2041069999999,9.8,6.78
2024-12-08,618.5794229999999,6.9,6.0
2024-12-09,727.6307360000001,5.1,7.47
2024-12-10,781.334031,4.7,6.83
2024-12-11,809.721081,5.4,4.2
2024-12-12,805.169012,4.7,7.65
2024-12-13,785.137193,4.9,4.45
2024-12-14,704.828445,3.6,7.52
2024-12-15,672.362256,3.2,8.98
2024-12-16,782.975415,3.8,9.18
2024-12-17,796.2021480000001,3.2,8.6
2024-12-18,781.8955,5.0,8.24
2024-12-19,769.610762,9.2,5.62
2024-12-20,744.247659,5.5,9.04
2024-12-21,674.5053320000001,3.6,8.97
2024-12-22,642.593443,4.4,8.92
2024-12-23,690.6330899999999,6.8,7.87
2024-12-24,642.852982,7.0,8.69
2024-12-25,547.482617,9.0,8.9
2024-12-26,643.051101,7.1,8.91
2024-12-27,676.247896,5.9,8.61
2024-12-28,642.095784,4.4,8.58
2024-12-29,619.712688,4.0,9.16
2024-12-30,691.924592,3.3,9.15
2024-12-31,666.906666,3.1,9.12
2025-01-01,585.94298,2.8,6.72
2025-01-02,714.746165,2.9,6.74
2025-01-03,743.131902,3.5,5.11
2025-01-04,672.6542049999999,4.1,2.75
2025-01-05,637.4730159999999,7.3,2.6
2025-01-06,612.3752460000001,8.9,6.52
2025-01-07,761.126956,5.5,6.7
2025-01-08,785.457969,8.7,5.67
2025-01-09,766.861319,10.2,5.27
2025-01-10,758.349049,9.1,5.02
2025-01-11,670.140941,12.1,6.49
2025-01-12,627.798603,8.8,10.01
2025-01-13,770.960273,4.3,10.74
2025-01-14,811.334506,2.7,10.65
2025-01-15,825.272872,1.2,10.76
2025-01-16,837.533046,3.9,10.27
2025-01-17,823.171174,5.1,9.29
2025-01-18,721.462081,3.4,10.67
2025-01-19,686.072784,2.1,10.54
2025-01-20,814.6658249999999,5.0,3.01
2025-01-21,816.068543,8.0,2.22
2025-01-22,786.025216,10.0,4.69
2025-01-23,763.306352,10.7,6.69
2025-01-24,754.465345,10.5,5.78
2025-01-25,677.659658,9.6,3.72
2025-01-26,639.514665,8.3,3.29
2025-01-27,745.544984,12.1,7.5
2025-01-28,776.292423,7.1,10.23
2025-01-29,797.24069,5.9,1.83
2025-01-30,783.496217,6.4,10.66
2025-01-31,772.257643,4.3,12.39
2025-02-01,695.742806,4.8,11.57
2025-02-02,659.166289,4.9,8.77
2025-02-03,768.751535,6.0,12.6
2025-02-04,782.6155219999999,5.6,12.79
2025-02-05,782.147842,5.8,13.28
2025-02-06,786.399816,5.3,13.39
2025-02-07,796.255651,4.3,6.17
2025-02-08,689.583624,6.8,12.67
2025-02-09,647.2470529999999,6.6,11.79
2025-02-10,757.836189,8.7,10.78
2025-02-11,765.437268,9.2,11.23
2025-02-12,773.7344420000001,9.6,12.22
2025-02-13,757.461905,8.2,12.65
2025-02-14,735.597658,9.0,13.83
2025-02-15,663.8184,8.9,10.93
2025-02-16,612.138615,10.1,13.66
2025-02-17,714.984452,9.1,12.37
2025-02-18,741.638655,10.1,11.72
2025-02-19,729.5343449999999,11.3,13.0
2025-02-20,730.4596580000001,10.3,12.87
2025-02-21,739.860672,11.0,9.42
2025-02-22,654.39089,9.6,12.89
2025-02-23,607.5117809999999,8.3,16.06
2025-02-24,721.8803889999999,9.0,12.57
2025-02-25,746.983888,10.2,9.75
2025-02-26,730.09538,7.0,16.66
2025-02-27,744.246435,7.6,11.64
2025-02-28,728.7575720000001,9.4,14.05
2025-03-01,674.402166,7.5,5.26
2025-03-02,650.3960699999999,3.1,2.56
2025-03-03,755.0862900000001,7.0,6.31
2025-03-04,744.8079740000001,9.5,9.19
2025-03-05,752.6652680000001,9.8,10.33
2025-03-06,749.868661,10.2,6.44
2025-03-07,753.167277,9.8,7.49
2025-03-08,671.512347,8.9,3.39
2025-03-09,620.722295,6.0,8.55
2025-03-10,734.634856,7.1,9.31
2025-03-11,747.241364,8.4,8.27
2025-03-12,739.8608149999999,8.5,14.96
2025-03-13,763.5169000000001,7.6,7.45
2025-03-14,769.103571,6.4,14.08
2025-03-15,670.687823,4.9,14.05
2025-03-16,639.887798,5.2,10.54
2025-03-17,762.626413,5.7,4.93
2025-03-18,770.472372,8.4,4.65
2025-03-19,733.051493,11.0,14.49
2025-03-20,748.6521090000001,11.6,8.23
2025-03-21,741.686419,9.6,8.09
2025-03-22,655.406165,7.0,7.6
2025-03-23,624.174655,6.8,15.88
2025-03-24,732.1465649999999,7.5,14.86
2025-03-25,733.866448,9.3,17.26
2025-03-26,717.975591,9.4,16.29
2025-03-27,709.511544,9.0,20.77
2025-03-28,690.6355450000001,10.5,22.0
2025-03-29,612.0392469999999,10.6,22.44
2025-03-30,545.216607,10.0,23.23
2025-03-31,662.7502929999999,13.3,23.22
2025-04-01,676.301821,13.8,21.02
2025-04-02,703.9464620000001,13.4,17.83
2025-04-03,718.951132,10.0,4.28
2025-04-04,708.784256,11.6,14.45
2025-04-05,613.8589989999999,11.4,16.47
2025-04-06,563.374676,12.8,20.09
2025-04-07,658.7810069999999,13.8,23.55
2025-04-08,665.6362330000001,15.6,24.07
2025-04-09,665.425778,15.6,23.93
2025-04-10,669.829591,15.3,21.87
2025-04-11,681.494754,12.9,11.07
2025-04-12,615.965335,13.1,13.46
2025-04-13,566.5224790000001,13.2,15.15
2025-04-14,663.353056,12.1,20.9
2025-04-15,682.2605169999999,8.6,18.41
2025-04-16,673.62734,7.5,14.99
2025-04-17,592.808906,11.3,24.48
2025-04-18,553.234748,12.6,19.14
2025-04-19,567.968671,10.0,22.47
2025-04-20,545.999637,9.8,17.9
2025-04-21,596.5561700000001,12.3,21.6
2025-04-22,666.9919259999999,13.3,19.77
2025-04-23,653.5595699999999,13.8,26.0
2025-04-24,655.0466389999999,16.8,26.47
2025-04-25,657.8289840000001,17.9,25.04
2025-04-26,586.8321480000001,16.8,22.31
2025-04-27,541.8416850000001,14.7,25.37
2025-04-28,403.29749,15.8,27.12
2025-04-29,590.008854,16.1,25.57
2025-04-30,643.741834,15.3,15.86
2025-05-01,545.19363,15.6,18.22
2025-05-02,591.30924,15.0,17.48
2025-05-03,560.744858,14.3,21.0
2025-05-04,533.515623,13.0,21.06
2025-05-05,648.347913,12.6,18.92
2025-05-06,657.604151,11.8,20.66
2025-05-07,659.4216899999999,12.6,23.89
2025-05-08,668.850822,12.8,14.56
2025-05-09,666.4598179999999,13.1,22.64
2025-05-10,590.408884,13.1,21.76
2025-05-11,545.283335,12.7,24.21
2025-05-12,643.322615,12.9,23.1
2025-05-13,660.084118,14.2,26.65
2025-05-14,672.4588100000001,14.4,23.18
2025-05-15,660.896599,14.3,21.09
2025-05-16,648.891302,16.3,27.07
2025-05-17,570.958901,18.2,27.81
2025-05-18,535.3133660000001,20.5,27.63
2025-05-19,643.3008510000001,17.3,24.74
2025-05-20,652.7478179999999,18.5,25.27
2025-05-21,664.074541,20.0,27.82
2025-05-22,668.747534,19.9,26.99
2025-05-23,662.081848,17.3,29.55
2025-05-24,576.1008569999999,19.2,29.61
2025-05-25,541.965112,22.3,29.0
2025-05-26,656.709372,23.8,26.97
2025-05-27,673.7941920000001,24.4,29.42
2025-05-28,690.693207,26.1,28.89
2025-05-29,705.719635,27.3,29.11
2025-05-30,715.8877560000001,27.7,26.44
2025-05-31,642.741787,27.3,26.95
2025-06-01,602.819715,27.3,25.29
2025-06-02,710.381373,25.2,24.42
2025-06-03,703.507438,21.2,21.77
2025-06-04,697.09743,20.4,24.15
2025-06-05,701.181314,22.5,29.38
2025-06-06,703.707936,24.4,29.66
2025-06-07,630.96958,25.3,29.83
2025-06-08,598.851312,26.9,29.94
2025-06-09,711.622037,27.9,27.05
2025-06-10,755.719469,28.2,21.73
2025-06-11,753.7941189999999,22.9,13.7
2025-06-12,736.0179499999999,21.6,29.29
2025-06-13,742.0565300000001,24.4,29.28
2025-06-14,663.394009,26.7,29.36
2025-06-15,627.891392,28.8,28.54
2025-06-16,756.596132,28.5,28.29
2025-06-17,790.3482809999999,30.0,25.08
2025-06-18,799.721974,30.2,26.28
2025-06-19,801.405043,29.8,24.53
2025-06-20,800.467012,29.8,26.91
2025-06-21,718.037908,30.7,25.26
2025-06-22,669.508036,29.2,27.62
2025-06-23,770.1471580000001,29.8,26.15
2025-06-24,757.68057,29.5,20.19
2025-06-25,780.4805,24.1,29.74
2025-06-26,790.4533739999999,25.7,30.3
2025-06-27,806.679344,29.2,30.18
2025-06-28,736.928967,31.4,29.45
2025-06-29,707.452281,32.7,28.66
2025-06-30,837.662946,31.8,26.23
2025-07-01,857.0590500000001,31.3,28.53
2025-07-02,861.178961,31.0,28.15
2025-07-03,856.81016,30.0,26.34
2025-07-04,841.6788909999999,29.2,29.03
2025-07-05,745.880855,29.1,25.86
2025-07-06,688.994137,28.5,27.35
2025-07-07,803.2829250000001,28.5,29.03
2025-07-08,794.518367,26.1,28.02
2025-07-09,809.500683,29.9,27.82
2025-07-10,805.0067750000001,29.7,29.89
2025-07-11,788.513787,26.8,29.51
2025-07-12,671.9765379999999,23.5,25.35
2025-07-13,615.530549,25.9,29.35
2025-07-14,762.7865919999999,28.6,29.6
2025-07-15,797.809236,30.3,29.46
2025-07-16,816.806174,31.0,29.27
2025-07-17,839.518237,31.9,29.64
2025-07-18,821.388608,28.5,29.93
2025-07-19,711.703525,25.9,28.88
2025-07-20,659.396043,24.4,28.82
2025-07-21,758.458184,24.6,29.6
2025-07-22,775.3659449999999,26.8,29.05
2025-07-23,789.9887120000001,27.5,21.69
2025-07-24,750.581907,23.4,28.15
2025-07-25,692.758153,22.8,29.08
2025-07-26,645.962042,25.4,28.74
2025-07-27,622.844787,28.0,28.29
2025-07-28,736.6349270000001,27.2,27.95
2025-07-29,731.472681,24.0,28.43
2025-07-30,738.786755,25.5,28.38
2025-07-31,738.8637560000001,27.6,26.78
2025-08-01,739.168874,27.1,22.71
2025-08-02,671.105203,27.4,24.27
2025-08-03,633.322338,29.6,26.49
2025-08-04,737.0779170000001,30.5,26.74
2025-08-05,736.755325,32.2,26.65
2025-08-06,739.4987639999999,31.2,26.17
2025-08-07,757.495856,31.6,27.57
2025-08-08,755.794716,31.8,25.73
2025-08-09,696.125623,32.0,25.86
2025-08-10,665.3270200000001,32.0,26.61
2025-08-11,770.154375,32.2,25.88
2025-08-12,789.3541720000001,32.3,22.78
2025-08-13,784.300347,30.7,23.84
2025-08-14,768.795674,30.5,24.69
2025-08-15,697.6923810000001,32.1,25.54
2025-08-16,712.442645,33.0,25.76
2025-08-17,698.785936,32.9,25.03
2025-08-18,790.921696,31.1,19.3
2025-08-19,765.0599139999999,27.3,25.21
2025-08-20,728.3076040000001,24.7,22.62
2025-08-21,711.360986,24.1,22.79
2025-08-22,703.2807789999999,24.9,24.06
2025-08-23,649.410059,26.4,23.73
2025-08-24,621.6911670000001,27.8,25.04
2025-08-25,738.402878,28.4,18.11
2025-08-26,769.015844,29.0,23.14
2025-08-27,776.240472,28.2,21.6
2025-08-28,739.7515400000001,23.1,24.41
2025-08-29,709.24968,22.6,21.25
2025-08-30,645.955613,25.3,23.49
2025-08-31,613.72866,23.8,20.04
2025-09-01,695.220826,19.8,21.9
2025-09-02,709.142509,20.7,22.19
2025-09-03,724.181849,23.5,23.27
2025-09-04,739.985161,24.6,23.56
2025-09-05,733.111581,24.0,21.49
2025-09-06,662.0319000000001,25.8,22.51
2025-09-07,637.765409,24.3,11.06
2025-09-08,734.401925,23.2,18.26
2025-09-09,729.514882,21.7,22.29
2025-09-10,720.856008,21.4,14.17
2025-09-11,707.4688100000001,22.9,21.77
2025-09-12,718.782125,24.4,20.1
2025-09-13,648.9662149999999,24.6,19.76
2025-09-14,609.9588660000001,24.0,21.28
2025-09-15,735.815203,25.5,21.06
2025-09-16,762.031043,26.5,21.03
2025-09-17,771.778465,26.9,20.78
2025-09-18,777.066321,27.5,20.19
2025-09-19,773.874683,27.5,18.77
2025-09-20,681.94062,25.6,18.73
2025-09-21,619.81649,21.6,20.17
2025-09-22,673.251051,15.9,20.12
2025-09-23,682.359452,16.2,20.07
2025-09-24,679.205773,15.4,19.33
2025-09-25,687.3105479999999,16.6,19.2
2025-09-26,678.828907,18.4,19.84
2025-09-27,606.807853,19.8,16.68
2025-09-28,576.950527,17.9,5.68
2025-09-29,667.956997,19.3,16.34
2025-09-30,680.217557,19.0,12.09
2025-10-01,681.447858,20.8,17.26
2025-10-02,685.450521,21.4,18.44
2025-10-03,690.8169320000001,21.4,16.61
2025-10-04,616.790228,22.4,17.86
2025-10-05,572.165532,20.7,17.74
2025-10-06,675.839454,18.0,17.43
2025-10-07,685.160976,21.2,16.94
2025-10-08,694.124826,21.7,16.02
2025-10-09,687.0617639999999,20.6,15.6
2025-10-10,674.000228,17.9,11.57
2025-10-11,597.229387,18.7,11.92
2025-10-12,556.264228,18.6,11.66
2025-10-13,643.114682,17.9,14.59
2025-10-14,684.525569,17.7,15.49
2025-10-15,685.175099,18.8,15.15
2025-10-16,692.752575,18.5,12.71
2025-10-17,685.426652,17.8,13.72
2025-10-18,598.9992129999999,17.5,15.43
2025-10-19,569.2170870000001,17.7,12.54
2025-10-20,678.283258,18.2,12.48
2025-10-21,699.998238,17.3,10.14
2025-10-22,702.11101,17.9,11.55
2025-10-23,697.468385,19.0,12.78
2025-10-24,682.693846,17.7,9.1
2025-10-25,611.4532909999999,17.6,8.86
2025-10-26,597.182047,14.5,12.76
2025-10-27,664.881843,11.1,14.31
2025-10-28,685.758817,12.1,13.46
2025-10-29,701.784681,12.5,3.99
2025-10-30,690.636076,13.5,6.1
2025-10-31,682.352959,13.0,3.57
2025-11-01,592.2242160000001,14.4,6.34
2025-11-02,564.919581,14.0,12.41
2025-11-03,667.3349840000001,11.2,12.82
2025-11-04,692.342243,11.3,11.8
2025-11-05,709.914049,13.5,6.36
2025-11-06,707.56902,10.2,9.05
2025-11-07,709.465115,9.5,3.15
2025-11-08,628.3882510000001,10.8,11.03
2025-11-09,587.930143,8.0,11.62
2025-11-10,692.243583,8.6,11.38
2025-11-11,716.770269,10.5,9.53
2025-11-12,716.983285,12.8,11.34
2025-11-13,736.3672789999999,12.7,1.82
2025-11-14,725.3339139999999,12.3,9.05
2025-11-15,644.732613,10.8,2.72
2025-11-16,595.938319,10.8,7.66
2025-11-17,708.643281,9.8,8.29
2025-11-18,727.783879,8.8,10.88
2025-11-19,746.9213100000001,6.0,10.4
2025-11-20,764.895823,5.5,9.22
2025-11-21,778.121195,5.6,7.56
2025-11-22,700.721906,3.5,10.23
2025-11-23,662.908597,6.9,8.41
2025-11-24,777.546671,9.8,2.98
2025-11-25,781.672446,8.5,9.15
2025-11-26,789.660236,5.6,9.63
2025-11-27,798.0536060000001,5.2,9.84
2025-11-28,788.9455389999999,6.2,9.69
2025-11-29,703.367672,5.5,8.15
2025-11-30,673.718189,7.4,8.42
2025-12-01,790.477858,5.3,9.49
2025-12-02,811.207404,5.6,6.68
2025-12-03,812.350358,5.6,8.94
2025-12-04,837.451359,7.2,4.68
2025-12-05,804.0460949999999,7.8,3.95
2025-12-06,680.0640470000001,11.8,6.2
2025-12-07,631.522224,10.9,6.11
2025-12-08,651.584392,8.1,4.36
2025-12-09,765.53819,7.4,6.27
2025-12-10,793.9436629999999,9.2,2.29
2025-12-11,787.8039719999999,8.1,8.39
2025-12-12,786.9383660000001,7.8,4.97
2025-12-13,686.876902,9.0,7.71
2025-12-14,658.575236,7.4,7.59
2025-12-15,772.519725,7.9,3.98
2025-12-16,802.984693,8.3,3.79
2025-12-17,782.5010520000001,9.6,6.93
2025-12-18,780.182277,8.3,4.22
2025-12-19,775.9301899999999,8.3,3.38
2025-12-20,692.820584,7.5,4.13
2025-12-21,670.2255,5.3,5.51
2025-12-22,770.160815,2.2,7.16
2025-12-23,777.702768,3.6,6.05
2025-12-24,686.264862,4.3,8.01
2025-12-25,610.017094,3.8,1.79
2025-12-26,683.547617,4.2,7.36
2025-12-27,677.3351720000001,5.4,6.66
2025-12-28,639.207147,6.9,4.55
2025-12-29,713.546431,6.9,7.73
2025-12-30,724.067707,5.0,8.85
2025-12-31,684.034843,3.4,9.08
2026-01-01,614.01575,1.1,5.0
2026-01-02,716.16248,5.9,4.59
2026-01-03,695.70949,8.3,5.51
2026-01-04,681.9877700000001,8.0,6.83
2026-01-05,745.94674,2.5,8.61
2026-01-06,681.28323,0.3,9.42
2026-01-07,849.7266800000001,1.7,6.4
2026-01-08,864.84647,2.8,3.62
2026-01-09,837.95766,7.9,8.77
2026-01-10,731.31304,6.2,8.97
2026-01-11,691.90242,3.9,9.36
2026-01-12,818.9201800000001,5.6,4.61
2026-01-13,834.20239,6.7,6.72
2026-01-14,821.4252700000001,8.1,6.4
2026-01-15,833.8620999999999,4.9,3.83
2026-01-16,822.05224,7.0,6.52
2026-01-17,738.1509599999999,3.7,2.5
2026-01-18,695.21659,4.2,6.87
2026-01-19,826.5161400000001,3.9,8.36
2026-01-20,848.30343,3.9,10.59
2026-01-21,855.1933399999999,4.8,2.06
2026-01-22,831.36775,5.9,7.05
2026-01-23,819.0259,5.0,6.61
2026-01-24,753.35265,3.3,7.26
2026-01-25,699.87842,6.3,6.46
2026-01-26,826.70682,7.4,1.77
2026-01-27,838.38951,8.5,6.49
2026-01-28,839.45787,4.5,6.31
2026-01-29,825.90834,9.3,2.46
2026-01-30,800.4495400000001,8.0,5.59
2026-01-31,702.7494300000001,7.2,11.33
2026-02-01,674.61708,6.8,2.33
2026-02-02,808.86779,8.1,6.41
2026-02-03,817.54661,5.5,6.6
2026-02-04,831.8508499999999,6.0,4.66
2026-02-05,808.33452,9.5,8.28
2026-02-06,785.26072,7.1,4.6
2026-02-07,712.2870899999999,5.0,2.73
2026-02-08,661.59474,6.7,9.5
2026-02-09,783.3494499999999,8.6,7.98
2026-02-10,790.39365,12.7,3.97
2026-02-11,774.79633,12.4,3.78
2026-02-12,742.01261,9.9,11.47
2026-02-13,775.25253,8.7,7.52
2026-02-14,676.11232,6.6,10.73
2026-02-15,642.67762,7.2,13.39
2026-02-16,754.2014499999999,9.7,9.99
2026-02-17,742.37692,11.6,13.77
2026-02-18,758.40279,9.1,9.52
2026-02-19,751.3414399999999,7.6,14.27
2026-02-20,752.0499699999999,6.9,15.43
2026-02-21,656.15786,8.6,15.76
2026-02-22,612.9451899999999,9.7,16.01
2026-02-23,716.97897,10.9,15.99
2026-02-24,729.34929,11.5,15.82
2026-02-25,729.57138,11.6,16.15
2026-02-26,719.60221,12.3,16.43
2026-02-27,724.00137,11.6,16.57
2026-02-28,651.16472,11.4,16.49
2026-03-01,608.4736899999999,9.8,11.25
2026-03-02,734.82739,9.9,16.02
2026-03-03,753.64022,11.3,11.42
2026-03-04,762.42678,11.4,15.11
2026-03-05,768.5455,11.3,15.07
2026-03-06,783.00367,9.3,5.46
2026-03-07,675.65804,8.7,11.66
2026-03-08,631.85737,8.1,13.54
2026-03-09,744.2208,7.2,7.46
2026-03-10,768.53138,7.0,10.24
2026-03-11,746.36576,10.2,15.9
2026-03-12,723.04902,10.7,18.8
2026-03-13,712.70091,11.2,18.56
2026-03-14,660.91228,10.5,6.38
2026-03-15,600.18015,9.7,18.04
2026-03-16,698.1117800000001,10.4,20.29
2026-03-17,696.39537,12.7,20.27
2026-03-18,705.4965100000001,12.2,14.44
2026-03-19,677.60497,12.0,20.09
2026-03-20,703.84719,9.8,9.67
2026-03-21,643.5608599999999,9.1,9.9
2026-03-22,588.96088,10.7,19.94
2026-03-23,693.7621899999999,11.4,21.25
2026-03-24,703.90989,11.7,21.45
2026-03-25,699.04257,14.1,21.5
2026-03-26,703.1051600000001,11.0,20.48
2026-03-27,699.97023,11.1,22.16
2026-03-28,624.65425,11.1,21.59
2026-03-29,564.01824,8.4,19.77
2026-03-30,689.39823,10.1,21.93
2026-03-31,684.6519300000001,13.9,22.42
2026-04-01,677.38766,13.4,22.63
2026-04-02,609.81585,12.2,21.28
2026-04-03,551.66019,13.2,23.02
2026-04-04,551.60162,16.7,23.12
2026-04-05,529.92065,18.8,23.35
2026-04-06,576.5105699999999,19.4,23.85
2026-04-07,662.22551,16.6,15.89
2026-04-08,685.60547,13.5,16.44
2026-04-09,677.09225,16.2,21.24
2026-04-10,670.85589,20.2,23.41
2026-04-11,611.95725,18.9,18.1
2026-04-12,578.9950699999999,12.6,15.67
2026-04-13,666.75321,10.0,18.51
2026-04-14,677.02249,14.2,21.76
2026-04-15,669.12209,16.8,24.81
2026-04-16,667.41387,18.4,25.46
2026-04-17,668.78629,19.5,24.56
2026-04-18,594.89931,21.1,23.84
2026-04-19,551.9166,21.4,24.78
2026-04-20,653.12386,20.9,24.47
2026-04-21,670.63022,20.1,20.81
2026-04-22,665.07806,19.4,25.95
2026-04-23,655.70054,20.1,23.63
2026-04-24,662.35719,17.8,18.61
2026-04-25,589.4759799999999,18.2,21.39
2026-04-26,545.3856999999999,19.9,24.6
2026-04-27,649.3074399999999,20.8,26.65
2026-04-28,665.97313,19.7,26.17
2026-04-29,680.61199,16.1,15.81
2026-04-30,660.5507,15.6,20.76
2026-05-01,557.68993,17.4,26.56
2026-05-02,571.21636,15.5,11.46
2026-05-03,551.59485,15.1,18.6
2026-05-04,651.09415,14.5,24.65
2026-05-05,664.6771,14.1,25.69
2026-05-06,665.27771,14.2,24.38
2026-05-07,672.15535,13.9,19.7
2026-05-08,678.17396,13.1,17.5
2026-05-09,616.22385,13.2,15.35
2026-05-10,563.13927,12.0,16.02
2026-05-11,655.32662,13.1,21.52
2026-05-12,679.5823,13.1,24.78
2026-05-13,678.4355400000001,14.5,25.21
2026-05-14,673.94506,15.7,28.18
2026-05-15,676.02053,13.1,22.85
2026-05-16,591.66309,13.1,29.76
2026-05-17,556.08763,15.8,26.0
2026-05-18,653.3944200000001,17.5,28.18
2026-05-19,667.78147,20.0,29.15
2026-05-20,673.83544,22.6,29.7
2026-05-21,678.72789,24.7,29.95
2026-05-22,680.1909,25.5,29.6
2026-05-23,611.30278,25.5,30.5
2026-05-24,572.13453,25.6,29.51
2026-05-25,680.7360500000001,25.2,29.66
2026-05-26,708.4431099999999,25.1,30.29
2026-05-27,719.4667099999999,26.9,29.28
2026-05-28,731.3899399999999,27.5,30.6
2026-05-29,734.44299,28.5,30.46
2026-05-30,658.5246500000001,29.0,29.17
2026-05-31,617.2645600000001,28.3,28.46
2026-06-01,733.3735,27.8,29.55
2026-06-02,759.1433199999999,26.4,28.91
2026-06-03,736.00098,24.3,28.92
2026-06-04,741.14616,24.0,29.02
2026-06-05,714.0145799999999,21.7,27.26
2026-06-06,638.53889,23.6,28.54
2026-06-07,600.00036,26.0,29.28
2026-06-08,718.26436,26.9,30.55
2026-06-09,739.5604599999999,25.7,30.3
2026-06-10,735.60674,24.1,30.65
2026-06-11,732.1760400000001,24.4,30.36
2026-06-12,732.0630699999999,26.4,30.52
2026-06-13,660.8724,27.1,30.3
2026-06-14,622.9731800000001,25.9,25.79
2026-06-15,741.83759,23.2,28.55
2026-06-16,767.70936,26.2,28.54
2026-06-17,782.81733,28.6,30.63
2026-06-18,789.40876,28.7,30.32
2026-06-19,790.4528,29.1,28.04
2026-06-20,718.27171,27.9,25.23
2026-06-21,689.5088199999999,31.0,29.96
2026-06-22,821.92746,32.0,27.85
2026-06-23,837.5289200000001,32.5,30.95
2026-06-24,794.2521700000001,32.1,30.1
2026-06-25,823.84204,27.9,27.1
2026-06-26,809.21424,26.9,30.4
2026-06-27,729.61871,29.0,30.35
2026-06-28,688.60871,28.2,26.57
2026-06-29,805.2904100000001,26.2,29.62
2026-06-30,843.30606,29.8,28.85
2026-07-01,844.9881899999999,30.0,29.56
2026-07-02,830.65341,26.3,31.13
2026-07-03,823.14152,28.4,30.7
2026-07-04,737.0855799999999,30.8,30.22
2026-07-05,706.52014,31.2,29.61
2026-07-06,843.17335,32.0,28.61
2026-07-07,865.98457,31.1,24.82
2026-07-08,871.04038,29.6,29.94
2026-07-09,869.57092,31.1,30.37
2026-07-10,846.87981,29.9,27.98
2026-07-11,741.97872,29.8,29.83
2026-07-12,691.9403100000001,27.5,27.62
2026-07-13,816.62503,27.0,30.16
2026-07-14,847.7189599999999,29.2,29.9
2026-07-15,869.68777,29.6,29.7
2026-07-16,873.81798,29.3,29.58
2026-07-17,856.8551199999999,28.0,30.16
2026-07-18,760.38214,29.0,28.33
2026-07-19,715.3212199999999,29.2,29.11
2026-07-20,847.62415,29.2,29.84
2026-07-21,872.29464,30.1,29.42
2026-07-22,870.3512,31.8,28.08
2026-07-23,877.00066,31.1,29.29
2026-07-24,854.2647099999999,27.9,29.54
2026-07-25,729.93282,23.8,26.61
2026-07-26,656.47868,24.0,29.04
2026-07-27,780.55709,27.2,28.9
2026-07-28,824.0675200000001,30.2,28.78
2026-07-29,848.05395,31.7,28.57
2026-07-30,852.54663,31.9,28.38
2026-07-31,833.07938,31.4,28.7
2026-08-01,756.5565899999999,31.1,28.3
2026-08-02,708.656,30.2,28.63
2026-08-03,802.10038,27.7,22.84
2026-08-04,788.17389,27.7,27.83
2026-08-05,810.9756,29.3,27.23
2026-08-06,817.48216,31.0,27.1
2026-08-07,809.29776,31.4,27.76
2026-08-08,754.14939,31.7,26.61
2026-08-09,710.26516,30.2,26.32
2026-08-10,786.80066,29.8,27.48
2026-08-11,789.27151,29.4,27.41
2026-08-12,804.2070600000001,30.8,26.99
2026-08-13,824.3695799999999,32.0,26.65
2026-08-14,814.34399,30.1,24.3
2026-08-15,715.13863,26.5,19.3
2026-08-16,671.59673,26.0,25.5
2026-08-17,783.3104599999999,29.4,25.3
2026-08-18,805.95913,31.1,25.19
2026-08-19,813.62924,30.4,25.55
2026-08-20,791.04495,26.7,23.34
2026-08-21,735.1524499999999,25.6,24.13
2026-08-22,668.87011,26.3,22.67
2026-08-23,640.37999,26.9,23.27
2026-08-24,745.3894,24.1,21.6
2026-08-25,741.2628199999999,22.7,22.66
2026-08-26,760.51768,23.8,22.47
2026-08-27,758.61355,18.7,13.37
2026-08-28,713.7342,18.9,24.76
2026-08-29,631.78572,22.4,24.68
2026-08-30,605.88386,25.2,24.56
2026-08-31,731.1639399999999,26.4,24.3
2026-09-01,778.9173000000001,27.3,24.02
2026-09-02,797.67796,27.9,24.02
2026-09-03,824.20889,29.6,24.15
2026-09-04,835.75212,30.7,22.93
2026-09-05,755.65754,30.4,15.54
2026-09-06,703.55486,30.6,21.84
2026-09-07,822.14941,30.1,22.45
2026-09-08,832.33412,29.2,21.91
2026-09-09,802.7916899999999,22.9,20.85
2026-09-10,745.7894399999999,19.2,22.03
2026-09-11,716.95007,23.0,22.8
2026-09-12,656.51415,24.6,22.35
2026-09-13,625.27,25.6,21.96
2026-09-14,750.4427800000001,26.6,21.94
2026-09-15,773.17032,27.8,21.82
2026-09-16,769.1617,23.6,16.94
2026-09-17,734.70314,20.2,18.1
2026-09-18,723.10584,21.3,20.51
2026-09-19,638.9672099999999,22.5,20.82
2026-09-20,602.82286,23.6,20.66
2026-09-21,717.05074,24.9,20.69
2026-09-22,727.37595,25.8,21.04
2026-09-23,738.15125,25.8,20.26
