date,solar_gwh,temperature_2m_mean,shortwave_radiation_sum
2023-01-01,34.900980000000004,8.5,7.52
2023-01-02,31.904640999999998,9.0,5.49
2023-01-03,53.978712,7.0,8.85
2023-01-04,58.475944000000005,5.0,9.35
2023-01-05,58.507717,4.7,9.35
2023-01-06,55.255744,3.6,9.59
2023-01-07,36.334185,5.2,2.1
2023-01-08,17.71934,11.1,3.31
2023-01-09,50.037428,10.2,9.36
2023-01-10,46.165713000000004,5.7,9.52
2023-01-11,37.348620000000004,6.9,3.42
2023-01-12,60.812197,4.5,9.61
2023-01-13,55.502482,5.0,7.28
2023-01-14,57.887595000000005,3.9,7.28
2023-01-15,42.371338,6.1,6.01
2023-01-16,31.092675,6.1,2.63
2023-01-17,38.229235,8.1,9.14
2023-01-18,57.178057,3.5,8.34
2023-01-19,61.198975,3.8,6.81
2023-01-20,54.329800000000006,9.2,8.84
2023-01-21,60.462839,6.3,10.45
2023-01-22,75.093175,2.5,11.36
2023-01-23,73.90710899999999,2.0,10.76
2023-01-24,62.312258,1.7,6.38
2023-01-25,74.257352,2.3,11.45
2023-01-26,54.301118,4.2,8.38
2023-01-27,76.915025,2.9,10.29
2023-01-28,83.000747,3.7,10.49
2023-01-29,80.29891099999999,1.6,10.85
2023-01-30,81.0115,1.2,12.2
2023-01-31,84.252618,1.8,12.29
2023-02-01,83.470396,4.3,12.34
2023-02-02,88.22085899999999,4.9,12.5
2023-02-03,91.813096,5.5,12.91
2023-02-04,94.02219199999999,5.8,13.12
2023-02-05,89.212321,7.3,13.23
2023-02-06,78.893789,5.3,13.25
2023-02-07,43.380924,4.1,10.48
2023-02-08,42.001997,5.5,8.27
2023-02-09,72.656159,5.6,7.6
2023-02-10,75.62931900000001,4.5,12.35
2023-02-11,75.766571,3.9,13.44
2023-02-12,69.880526,4.8,11.36
2023-02-13,80.68455499999999,5.2,12.88
2023-02-14,60.394536,6.3,7.28
2023-02-15,72.813925,7.6,12.34
2023-02-16,89.06495,7.3,14.74
2023-02-17,76.247709,7.5,15.15
2023-02-18,67.013798,8.4,10.03
2023-02-19,67.500722,11.4,14.18
2023-02-20,64.955811,12.3,12.89
2023-02-21,70.398833,11.1,12.91
2023-02-22,81.250349,10.4,14.14
2023-02-23,70.34684299999999,7.3,10.06
2023-02-24,92.750865,4.1,16.51
2023-02-25,70.149236,3.4,14.59
2023-02-26,79.032227,4.1,13.96
2023-02-27,99.782378,2.3,13.25
2023-02-28,106.203436,1.9,16.96
2023-03-01,105.58877000000001,1.5,13.3
2023-03-02,108.539064,3.2,17.51
2023-03-03,112.907262,4.5,17.63
2023-03-04,107.191423,5.8,17.77
2023-03-05,50.301985,5.0,6.15
2023-03-06,52.263697,8.1,8.23
2023-03-07,70.488209,10.6,13.38
2023-03-08,59.823242,12.6,10.29
2023-03-09,54.664218999999996,13.5,14.3
2023-03-10,95.583341,12.6,16.83
2023-03-11,78.65135099999999,14.1,16.61
2023-03-12,108.339152,15.3,18.21
2023-03-13,95.352766,14.3,18.42
2023-03-14,114.42153,11.8,18.41
2023-03-15,125.645264,12.0,19.36
2023-03-16,111.272672,14.6,18.17
2023-03-17,86.629561,13.8,15.78
2023-03-18,82.645155,11.1,13.5
2023-03-19,115.786084,12.0,20.29
2023-03-20,124.933687,12.5,20.32
2023-03-21,123.489235,13.8,20.09
2023-03-22,122.555363,14.4,20.33
2023-03-23,115.083285,15.2,20.11
2023-03-24,89.051439,13.8,16.05
2023-03-25,113.08790499999999,14.1,19.07
2023-03-26,98.29102499999999,15.0,21.64
2023-03-27,126.462811,13.0,22.27
2023-03-28,133.04201999999998,14.4,22.03
2023-03-29,118.05073,16.7,22.1
2023-03-30,107.28714,17.4,21.38
2023-03-31,89.833543,15.4,16.2
2023-04-01,96.938423,14.4,15.37
2023-04-02,113.23226,11.6,23.44
2023-04-03,130.350967,11.7,23.36
2023-04-04,118.111565,13.6,24.53
2023-04-05,141.076522,13.1,24.85
2023-04-06,135.18556,15.1,24.28
2023-04-07,129.93902,15.8,24.46
2023-04-08,134.929779,17.7,24.4
2023-04-09,119.561875,18.8,23.91
2023-04-10,116.509293,20.1,23.79
2023-04-11,140.711407,18.9,24.47
2023-04-12,106.47429,16.1,18.31
2023-04-13,123.851033,12.0,24.81
2023-04-14,112.917619,14.5,17.31
2023-04-15,125.14544599999999,16.3,22.83
2023-04-16,121.853954,16.8,25.56
2023-04-17,145.666839,17.0,25.98
2023-04-18,145.591716,15.7,26.15
2023-04-19,138.56007300000002,16.8,25.09
2023-04-20,140.923671,19.4,25.82
2023-04-21,116.910431,19.2,23.28
2023-04-22,110.077073,16.1,21.93
2023-04-23,118.994238,16.1,25.67
2023-04-24,147.967606,18.4,25.17
2023-04-25,146.948346,20.9,24.17
2023-04-26,148.074802,21.5,26.7
2023-04-27,128.183607,22.9,25.44
2023-04-28,112.77492,24.1,23.92
2023-04-29,105.451632,22.2,17.18
2023-04-30,111.613425,19.5,22.02
2023-05-01,129.63737600000002,19.3,26.86
2023-05-02,136.501239,20.9,25.44
2023-05-03,127.623998,22.4,23.81
2023-05-04,143.33996599999998,20.5,25.65
2023-05-05,157.760006,19.6,27.47
2023-05-06,144.655894,20.1,27.69
2023-05-07,143.46531299999998,21.1,26.1
2023-05-08,143.196687,21.9,25.1
2023-05-09,140.986462,22.9,25.14
2023-05-10,156.62640900000002,19.1,26.79
2023-05-11,148.777612,16.6,27.38
2023-05-12,138.53265299999998,14.2,25.06
2023-05-13,140.525782,14.3,25.35
2023-05-14,124.118155,15.4,24.16
2023-05-15,146.735506,15.5,21.32
2023-05-16,152.838417,15.9,28.35
2023-05-17,124.151033,15.9,27.36
2023-05-18,128.522481,15.5,28.84
2023-05-19,129.794256,15.2,26.7
2023-05-20,111.85234799999999,15.0,24.4
2023-05-21,102.632832,16.1,22.41
2023-05-22,78.657819,17.8,20.39
2023-05-23,78.847321,16.8,22.63
2023-05-24,114.070837,17.2,22.67
2023-05-25,124.573781,17.3,20.83
2023-05-26,95.609615,15.8,11.19
2023-05-27,75.313434,15.9,16.2
2023-05-28,87.088786,16.0,19.54
2023-05-29,107.16374499999999,16.4,21.87
2023-05-30,108.055521,16.2,20.38
2023-05-31,131.140383,17.3,25.38
2023-06-01,100.573483,17.2,24.55
2023-06-02,105.676236,16.2,19.52
2023-06-03,121.219473,17.8,26.65
2023-06-04,117.54271899999999,18.6,25.43
2023-06-05,128.232241,19.2,24.46
2023-06-06,139.40758499999998,20.7,27.93
2023-06-07,61.43992,18.6,5.58
2023-06-08,67.95439599999999,18.0,12.38
2023-06-09,121.626418,18.7,24.22
2023-06-10,136.04474199999999,20.2,24.32
2023-06-11,131.802877,21.3,26.35
2023-06-12,126.30516499999999,20.1,24.01
2023-06-13,126.473715,19.3,24.99
2023-06-14,144.74266,20.8,21.72
2023-06-15,154.232989,23.8,27.32
2023-06-16,153.05781299999998,25.9,29.22
2023-06-17,142.639965,27.3,24.71
2023-06-18,114.33434799999999,23.2,23.43
2023-06-19,119.748561,23.9,24.08
2023-06-20,121.986084,23.5,25.15
2023-06-21,102.249846,22.2,20.97
2023-06-22,156.38394200000002,21.8,25.82
2023-06-23,150.875691,25.4,29.3
2023-06-24,151.25881700000002,27.3,29.7
2023-06-25,138.19048999999998,30.1,28.38
2023-06-26,149.97861300000002,30.4,28.91
2023-06-27,139.427445,29.5,28.18
2023-06-28,140.595013,29.1,27.51
2023-06-29,147.61616800000002,28.4,28.18
2023-06-30,156.888111,23.2,29.81
2023-07-01,148.157439,25.1,29.28
2023-07-02,137.27107800000002,27.2,27.05
2023-07-03,143.521457,28.4,27.21
2023-07-04,152.017548,28.1,29.28
2023-07-05,132.45506400000002,26.7,25.99
2023-07-06,134.083743,27.5,29.09
2023-07-07,145.42754300000001,26.7,26.99
2023-07-08,149.69350899999998,26.8,29.95
2023-07-09,144.640856,27.1,28.71
2023-07-10,142.339788,30.0,29.51
2023-07-11,149.45222700000002,31.3,29.89
2023-07-12,144.314896,27.8,22.0
2023-07-13,156.850285,28.1,29.08
2023-07-14,161.032663,29.3,29.53
2023-07-15,147.297237,26.8,29.35
2023-07-16,146.587797,26.4,29.65
2023-07-17,137.70765,29.5,28.34
2023-07-18,134.04256,32.4,28.9
2023-07-19,143.32197399999998,32.2,28.88
2023-07-20,148.526428,29.5,29.69
2023-07-21,148.25765900000002,26.6,25.59
2023-07-22,146.953543,26.0,25.0
2023-07-23,139.258908,28.0,29.25
2023-07-24,148.46702,26.9,28.39
2023-07-25,159.29395499999998,24.8,28.88
2023-07-26,149.498391,25.7,28.83
2023-07-27,143.095859,27.5,28.47
2023-07-28,160.16530300000002,27.3,28.4
2023-07-29,156.450488,28.2,28.22
2023-07-30,148.991623,29.5,27.91
2023-07-31,159.67353,30.1,27.98
2023-08-01,161.02023499999999,29.5,28.07
2023-08-02,162.95084400000002,29.1,27.75
2023-08-03,156.000826,26.7,27.69
2023-08-04,153.38004899999999,22.2,28.04
2023-08-05,141.676491,24.3,27.62
2023-08-06,133.46488699999998,27.8,27.3
2023-08-07,152.188963,27.5,27.28
2023-08-08,141.484619,30.2,26.2
2023-08-09,121.659163,32.1,25.03
2023-08-10,151.017062,31.7,27.32
2023-08-11,158.441438,30.4,26.82
2023-08-12,155.381929,30.7,26.19
2023-08-13,147.247022,30.3,25.95
2023-08-14,154.753465,28.7,26.37
2023-08-15,143.91137400000002,28.2,25.87
2023-08-16,149.06049,28.4,26.13
2023-08-17,155.748671,28.2,25.79
2023-08-18,140.36582,27.8,24.25
2023-08-19,151.64367800000002,28.4,24.88
2023-08-20,148.95457199999998,30.2,25.17
2023-08-21,148.495258,32.0,24.04
2023-08-22,146.878343,32.5,24.79
2023-08-23,145.222238,32.0,24.8
2023-08-24,146.33695,31.5,24.79
2023-08-25,134.191774,31.2,24.24
2023-08-26,88.215503,27.9,16.39
2023-08-27,111.65479300000001,21.0,20.48
2023-08-28,139.914963,20.8,23.94
2023-08-29,136.52685200000002,22.0,20.78
2023-08-30,137.60993100000002,22.3,21.15
2023-08-31,143.524459,23.9,23.74
2023-09-01,133.340688,25.3,21.2
2023-09-02,70.876685,19.6,14.68
2023-09-03,40.358722,18.1,4.28
2023-09-04,106.43474099999999,19.6,14.03
2023-09-05,122.15451700000001,20.5,21.2
2023-09-06,124.179193,21.6,20.48
2023-09-07,108.165054,22.8,19.0
2023-09-08,126.888891,22.6,20.47
2023-09-09,109.909477,21.7,17.59
2023-09-10,121.966803,21.0,19.68
2023-09-11,118.27206299999999,19.9,19.4
2023-09-12,118.248223,19.6,19.15
2023-09-13,127.10972,20.5,20.82
2023-09-14,112.570447,20.5,19.49
2023-09-15,84.031821,19.9,15.53
2023-09-16,73.638225,18.5,14.54
2023-09-17,82.57217999999999,17.4,9.59
2023-09-18,97.081351,16.5,13.26
2023-09-19,115.166712,17.0,18.77
2023-09-20,137.025126,17.6,20.1
2023-09-21,79.38922,15.9,7.55
2023-09-22,133.087412,15.5,19.85
2023-09-23,131.675994,15.1,20.02
2023-09-24,124.735159,17.1,20.02
2023-09-25,133.755812,19.1,19.77
2023-09-26,127.372247,20.0,19.12
2023-09-27,124.57098699999999,20.1,18.43
2023-09-28,130.580413,20.9,18.8
2023-09-29,128.59242,22.2,18.76
2023-09-30,126.57349,22.1,18.43
2023-10-01,130.337405,22.5,18.57
2023-10-02,126.364175,21.6,18.3
2023-10-03,120.55475100000001,21.5,17.48
2023-10-04,121.44187600000001,21.3,17.51
2023-10-05,121.27215,22.2,17.57
2023-10-06,120.494157,21.9,17.55
2023-10-07,118.131295,21.3,17.4
2023-10-08,121.134101,21.2,17.13
2023-10-09,114.82683999999999,20.9,16.82
2023-10-10,118.646562,19.5,16.88
2023-10-11,123.206228,18.9,16.68
2023-10-12,120.183546,19.4,16.31
2023-10-13,88.59997100000001,19.3,12.62
2023-10-14,71.226195,17.7,12.14
2023-10-15,78.15664,16.8,11.46
2023-10-16,62.746612999999996,17.3,9.46
2023-10-17,65.655234,19.0,11.49
2023-10-18,70.18164999999999,17.5,11.83
2023-10-19,23.919189,15.3,2.39
2023-10-20,71.228537,12.7,11.44
2023-10-21,91.405238,10.9,11.69
2023-10-22,37.886305,11.2,7.4
2023-10-23,50.072649,12.1,9.88
2023-10-24,79.061208,11.2,7.69
2023-10-25,56.547273000000004,14.4,8.4
2023-10-26,38.074363,16.0,6.31
2023-10-27,66.84979799999999,12.4,9.09
2023-10-28,69.736295,13.6,9.11
2023-10-29,52.787688,13.8,5.49
2023-10-30,72.480004,12.2,10.36
2023-10-31,40.865449999999996,9.4,7.76
2023-11-01,48.383386,11.6,4.45
2023-11-02,42.727737999999995,13.1,5.61
2023-11-03,54.824498,9.4,9.0
2023-11-04,43.858949,12.0,3.82
2023-11-05,68.372437,10.4,9.25
2023-11-06,86.94451600000001,8.4,11.11
2023-11-07,82.112534,6.8,9.41
2023-11-08,65.404493,7.9,7.53
2023-11-09,69.825977,11.4,11.88
2023-11-10,75.158501,10.7,8.25
2023-11-11,45.89350099999999,14.1,6.63
2023-11-12,61.201309,14.6,8.96
2023-11-13,75.352759,15.0,9.49
2023-11-14,81.78463,12.3,7.42
2023-11-15,73.17944,11.4,6.23
2023-11-16,61.478764000000005,12.1,6.08
2023-11-17,71.926783,12.0,7.09
2023-11-18,84.709143,11.3,9.43
2023-11-19,88.939717,11.2,10.65
2023-11-20,82.808925,10.4,10.34
2023-11-21,73.518511,9.3,9.54
2023-11-22,82.885339,9.5,8.83
2023-11-23,90.857485,7.7,10.69
2023-11-24,93.40894899999999,6.6,10.51
2023-11-25,83.958505,7.8,10.27
2023-11-26,76.90138,7.3,9.89
2023-11-27,57.062213,7.8,6.8
2023-11-28,31.455924,9.5,5.3
2023-11-29,36.910548999999996,12.5,5.0
2023-11-30,26.983506000000002,13.4,2.49
2023-12-01,48.362523,9.3,6.63
2023-12-02,73.69053100000001,6.4,8.51
2023-12-03,67.457812,4.0,7.73
2023-12-04,33.610101,6.7,6.92
2023-12-05,39.698142999999995,5.8,6.29
2023-12-06,41.568416,5.8,7.65
2023-12-07,34.104811999999995,5.9,3.19
2023-12-08,52.551458,8.8,7.11
2023-12-09,43.783608,8.6,4.15
2023-12-10,46.628165,11.0,2.66
2023-12-11,60.403091999999994,10.4,4.67
2023-12-12,48.64994,9.5,3.07
2023-12-13,49.918687,9.8,8.02
2023-12-14,81.614449,6.4,6.74
2023-12-15,83.59017999999999,8.1,8.66
2023-12-16,83.723519,5.1,9.25
2023-12-17,81.154446,3.8,9.26
2023-12-18,81.69621799999999,3.6,9.09
2023-12-19,81.298747,3.2,9.21
2023-12-20,49.356951,4.7,7.41
2023-12-21,79.85296000000001,5.8,8.65
2023-12-22,80.60068700000001,5.5,9.02
2023-12-23,80.116872,5.0,9.1
2023-12-24,80.081311,4.6,9.04
2023-12-25,73.93261,2.9,9.13
2023-12-26,60.4476,1.6,7.05
2023-12-27,62.159298,3.1,7.93
2023-12-28,44.741578999999994,2.5,7.07
2023-12-29,28.26221,3.4,3.19
2023-12-30,71.294074,4.1,8.81
2023-12-31,36.77661,6.9,3.87
2024-01-01,66.642505,5.0,7.15
2024-01-02,49.615015,5.4,2.95
2024-01-03,36.440805,10.6,2.19
2024-01-04,26.019064999999998,9.4,2.52
2024-01-05,61.906689,6.6,7.57
2024-01-06,78.224394,5.4,8.45
2024-01-07,85.346083,3.7,9.34
2024-01-08,65.44428500000001,2.0,8.6
2024-01-09,37.575466,5.0,6.99
2024-01-10,33.361581,5.1,3.39
2024-01-11,63.062097,4.0,8.6
2024-01-12,72.008201,2.0,9.87
2024-01-13,45.413233999999996,3.8,4.9
2024-01-14,45.32826,6.2,2.26
2024-01-15,22.949573,11.3,3.23
2024-01-16,33.658894000000004,12.9,4.36
2024-01-17,45.704877,11.2,4.64
2024-01-18,45.095572,11.2,6.92
2024-01-19,22.096581999999998,7.3,2.26
2024-01-20,73.044439,5.7,9.9
2024-01-21,82.67595,5.8,9.79
2024-01-22,82.179016,5.2,7.08
2024-01-23,89.651771,6.6,8.01
2024-01-24,93.603533,9.1,10.61
2024-01-25,94.04590300000001,9.4,11.16
2024-01-26,89.30219,10.3,10.16
2024-01-27,88.622458,10.1,10.1
2024-01-28,81.219458,9.1,11.3
2024-01-29,60.324973,9.2,9.38
2024-01-30,75.648853,7.9,11.62
2024-01-31,86.247053,6.4,8.81
2024-02-01,106.62925100000001,9.1,12.08
2024-02-02,109.896558,8.4,11.94
2024-02-03,107.806265,8.0,12.48
2024-02-04,109.309632,8.1,12.64
2024-02-05,87.94226300000001,7.3,10.43
2024-02-06,85.230018,8.6,9.7
2024-02-07,63.570449999999994,7.9,5.39
2024-02-08,39.322866000000005,9.5,3.92
2024-02-09,30.622474999999998,9.7,3.84
2024-02-10,78.601989,7.4,10.81
2024-02-11,42.131945,4.6,5.5
2024-02-12,88.152227,9.4,10.62
2024-02-13,80.245157,11.2,6.94
2024-02-14,77.65145299999999,11.8,7.98
2024-02-15,42.450430999999995,11.3,5.35
2024-02-16,92.943439,11.1,12.39
2024-02-17,127.150812,8.7,14.9
2024-02-18,118.455298,8.6,13.58
2024-02-19,125.41352099999999,10.6,14.49
2024-02-20,126.30251200000001,10.1,15.75
2024-02-21,106.50417200000001,9.3,10.11
2024-02-22,72.834058,10.6,7.81
2024-02-23,99.777889,6.2,12.47
2024-02-24,98.482783,5.9,14.13
2024-02-25,52.880292000000004,9.4,7.74
2024-02-26,85.977384,8.5,13.78
2024-02-27,103.146515,6.3,13.26
2024-02-28,127.807743,6.9,15.01
2024-02-29,121.62015,6.9,16.02
2024-03-01,124.521298,6.8,14.36
2024-03-02,58.105816,6.9,4.83
2024-03-03,98.83308500000001,5.3,13.89
2024-03-04,74.989322,8.1,9.82
2024-03-05,144.24552799999998,7.6,15.94
2024-03-06,142.689685,6.8,17.46
2024-03-07,74.729097,8.0,9.25
2024-03-08,84.897533,6.5,10.68
2024-03-09,49.273703000000005,6.4,9.5
2024-03-10,75.044545,7.6,12.61
2024-03-11,122.814141,8.8,14.16
2024-03-12,150.845337,8.6,19.18
2024-03-13,145.412279,10.1,18.27
2024-03-14,119.02162,11.0,15.86
2024-03-15,124.402477,11.2,16.42
2024-03-16,133.819753,12.2,12.59
2024-03-17,127.71181600000001,14.2,16.79
2024-03-18,107.926778,14.3,14.08
2024-03-19,125.95989900000001,16.0,19.97
2024-03-20,107.417466,15.5,17.17
2024-03-21,100.76885300000001,16.7,18.45
2024-03-22,112.72904799999999,17.8,19.92
2024-03-23,88.580827,17.1,20.35
2024-03-24,72.22369,16.5,21.12
2024-03-25,53.620203000000004,12.9,9.28
2024-03-26,96.60265700000001,7.1,15.58
2024-03-27,73.599493,8.3,10.02
2024-03-28,75.38758800000001,10.8,12.8
2024-03-29,72.669077,8.2,4.36
2024-03-30,75.80476700000001,6.8,11.02
2024-03-31,58.703513,6.9,11.72
2024-04-01,113.212722,7.4,17.77
2024-04-02,103.328431,8.7,10.21
2024-04-03,130.477607,12.1,17.56
2024-04-04,136.606992,12.9,22.34
2024-04-05,132.858014,14.7,21.95
2024-04-06,69.591054,17.2,16.68
2024-04-07,90.26385099999999,16.6,18.45
2024-04-08,105.29533500000001,13.1,19.22
2024-04-09,141.700935,9.8,24.31
2024-04-10,139.102361,11.9,24.08
2024-04-11,148.415462,16.4,24.01
2024-04-12,155.81294599999998,16.6,24.82
2024-04-13,134.657093,18.4,25.23
2024-04-14,125.103209,19.1,24.8
2024-04-15,141.563397,20.5,23.46
2024-04-16,149.112573,18.7,25.23
2024-04-17,147.683253,15.1,25.68
2024-04-18,150.97645300000002,15.0,26.05
2024-04-19,159.805872,14.3,25.87
2024-04-20,141.956682,17.2,23.82
2024-04-21,137.776364,16.5,26.21
2024-04-22,145.126631,12.9,26.66
2024-04-23,161.428975,10.5,23.9
2024-04-24,183.243204,11.8,26.55
2024-04-25,143.81650299999998,13.3,16.71
2024-04-26,130.36708199999998,12.9,19.22
2024-04-27,111.883713,11.4,21.48
2024-04-28,137.939332,10.7,25.59
2024-04-29,129.778528,11.7,22.42
2024-04-30,130.65003,12.3,22.82
2024-05-01,112.667626,10.2,21.39
2024-05-02,165.11199100000002,9.9,22.07
2024-05-03,181.671278,12.0,25.51
2024-05-04,162.29662299999998,15.6,27.28
2024-05-05,120.59931900000001,15.9,16.09
2024-05-06,151.451233,15.5,23.0
2024-05-07,182.844542,15.2,27.27
2024-05-08,183.389199,16.9,27.82
2024-05-09,173.63457,19.2,25.84
2024-05-10,175.687436,21.4,28.21
2024-05-11,144.607172,21.6,27.59
2024-05-12,135.235199,21.3,25.06
2024-05-13,162.586851,20.8,24.25
2024-05-14,152.097468,16.3,22.14
2024-05-15,168.536455,13.9,23.46
2024-05-16,155.328995,13.2,21.71
2024-05-17,147.37220499999998,14.8,22.51
2024-05-18,176.736207,15.5,25.15
2024-05-19,141.29284099999998,15.1,25.05
2024-05-20,164.151277,14.5,24.48
2024-05-21,165.23756899999998,14.6,20.82
2024-05-22,181.926872,15.4,21.46
2024-05-23,184.46997,17.3,29.82
2024-05-24,201.28673999999998,19.5,29.37
2024-05-25,183.00053599999998,21.4,29.85
2024-05-26,148.825731,21.8,28.49
2024-05-27,186.053318,22.8,29.17
2024-05-28,185.576366,23.4,28.98
2024-05-29,192.56007300000002,26.0,29.11
2024-05-30,181.03839799999997,26.3,27.05
2024-05-31,161.52178899999998,22.4,29.1
2024-06-01,151.084189,20.0,29.81
2024-06-02,154.540195,20.2,30.03
2024-06-03,179.006359,21.5,27.08
2024-06-04,192.544359,23.9,27.33
2024-06-05,187.767057,26.4,28.85
2024-06-06,166.34166399999998,27.7,27.01
2024-06-07,136.104972,27.1,23.56
2024-06-08,126.23238400000001,20.4,11.97
2024-06-09,115.45399099999999,19.8,22.32
2024-06-10,126.00590700000001,16.9,12.03
2024-06-11,157.393271,17.7,29.19
2024-06-12,155.360856,17.7,26.14
2024-06-13,181.031073,18.9,29.96
2024-06-14,189.116424,22.1,30.48
2024-06-15,159.365351,22.3,30.19
2024-06-16,149.205161,22.3,30.3
2024-06-17,199.976395,23.6,30.38
2024-06-18,145.691212,21.7,19.93
2024-06-19,142.392935,18.4,26.54
2024-06-20,156.25946299999998,17.2,22.29
2024-06-21,203.71402600000002,20.0,29.16
2024-06-22,177.058515,23.1,27.05
2024-06-23,152.116098,24.0,22.96
2024-06-24,193.71686,25.1,29.61
2024-06-25,193.514861,27.0,27.25
2024-06-26,155.911027,25.3,21.04
2024-06-27,146.446531,26.1,24.83
2024-06-28,124.268754,23.8,23.44
2024-06-29,105.721224,19.7,15.1
2024-06-30,155.230905,20.4,20.28
2024-07-01,178.960656,22.0,27.05
2024-07-02,201.34379,22.5,29.16
2024-07-03,206.22941699999998,25.0,30.1
2024-07-04,202.360769,28.6,29.8
2024-07-05,197.83011499999998,29.5,28.53
2024-07-06,151.679634,27.8,25.84
2024-07-07,162.75669399999998,24.0,29.84
2024-07-08,197.90870999999999,25.7,29.73
2024-07-09,198.19898,26.3,28.83
2024-07-10,206.135379,27.3,29.16
2024-07-11,206.358293,29.0,29.1
2024-07-12,212.186465,27.4,29.95
2024-07-13,190.618588,26.2,29.3
2024-07-14,174.513465,26.5,29.73
2024-07-15,186.625652,25.5,28.32
2024-07-16,206.533202,25.5,29.98
2024-07-17,197.799773,27.2,28.65
2024-07-18,154.45558400000002,29.1,26.73
2024-07-19,197.67999700000001,30.7,29.23
2024-07-20,187.88427299999998,29.4,28.14
2024-07-21,177.04881899999998,26.5,29.21
2024-07-22,198.185098,27.0,29.6
2024-07-23,199.344095,30.2,28.62
2024-07-24,198.606011,32.6,27.95
2024-07-25,195.801489,32.6,27.99
2024-07-26,190.828424,30.8,26.72
2024-07-27,189.099234,31.6,26.2
2024-07-28,168.004677,31.7,26.92
2024-07-29,124.691807,30.1,19.25
2024-07-30,172.02423199999998,31.0,26.42
2024-07-31,194.40549900000002,30.9,28.11
2024-08-01,199.24910500000001,30.1,28.28
2024-08-02,190.920762,29.0,24.83
2024-08-03,193.61400899999998,29.0,27.52
2024-08-04,192.284888,30.6,26.65
2024-08-05,192.773616,31.4,26.88
2024-08-06,191.765998,31.1,27.26
2024-08-07,191.647247,31.0,27.17
2024-08-08,192.908392,30.9,26.86
2024-08-09,190.796006,32.2,25.68
2024-08-10,178.461883,32.0,26.68
2024-08-11,167.871261,31.4,25.8
2024-08-12,186.059756,30.6,26.07
2024-08-13,148.35509,27.0,18.61
2024-08-14,166.40474,25.1,23.63
2024-08-15,171.05365700000002,23.5,26.48
2024-08-16,187.199185,26.2,26.2
2024-08-17,184.720068,28.3,24.38
2024-08-18,173.475123,28.6,23.95
2024-08-19,185.105469,27.4,25.34
2024-08-20,176.812781,29.1,25.16
2024-08-21,165.290342,27.9,23.44
2024-08-22,172.765572,29.3,21.27
2024-08-23,173.781189,29.1,23.88
2024-08-24,164.375098,29.0,23.98
2024-08-25,138.045164,27.2,24.04
2024-08-26,167.69177100000002,27.3,21.88
2024-08-27,172.085446,28.5,23.99
2024-08-28,167.96876600000002,28.8,22.39
2024-08-29,132.29432699999998,24.0,15.83
2024-08-30,144.209393,22.4,16.59
2024-08-31,127.947474,22.1,15.0
2024-09-01,149.532444,23.4,21.28
2024-09-02,157.42101,24.4,22.54
2024-09-03,153.99230300000002,23.7,21.73
2024-09-04,156.448096,21.3,19.53
2024-09-05,155.501653,20.1,19.01
2024-09-06,175.331401,20.4,21.42
2024-09-07,150.231556,19.3,22.5
2024-09-08,152.576334,21.3,22.06
2024-09-09,180.718754,21.4,22.49
2024-09-10,172.45452799999998,22.9,22.22
2024-09-11,162.90649299999998,22.8,21.64
2024-09-12,152.844649,22.7,19.97
2024-09-13,152.15212899999997,18.2,22.09
2024-09-14,154.599572,18.4,21.54
2024-09-15,137.847116,22.1,21.64
2024-09-16,159.796042,21.9,21.81
2024-09-17,144.442725,20.6,21.28
2024-09-18,131.600598,20.6,18.25
2024-09-19,96.407966,18.4,13.99
2024-09-20,103.62079399999999,17.8,13.04
2024-09-21,98.540958,18.4,13.88
2024-09-22,123.555532,18.5,17.14
2024-09-23,143.874766,18.2,18.45
2024-09-24,94.162193,16.6,13.26
2024-09-25,86.295915,17.8,7.67
2024-09-26,100.411951,19.2,12.46
2024-09-27,131.818742,16.6,18.17
2024-09-28,139.593079,14.4,19.42
2024-09-29,129.608649,16.2,18.63
2024-09-30,157.88457300000002,19.5,18.56
2024-10-01,136.439712,20.4,14.72
2024-10-02,95.716,21.1,12.65
2024-10-03,130.731828,19.7,17.42
2024-10-04,138.78863,18.1,14.41
2024-10-05,119.06204799999999,19.1,15.43
2024-10-06,95.138176,20.3,13.13
2024-10-07,61.660256000000004,17.5,7.15
2024-10-08,85.576916,14.9,9.77
2024-10-09,65.43266799999999,16.4,4.13
2024-10-10,122.76227499999999,14.5,15.39
2024-10-11,80.361155,13.2,11.61
2024-10-12,43.889038,16.3,6.42
2024-10-13,88.442224,16.3,11.04
2024-10-14,67.501079,17.1,7.69
2024-10-15,52.094204,16.8,8.68
2024-10-16,85.163545,17.3,10.97
2024-10-17,92.64357700000001,13.4,10.04
2024-10-18,107.693656,12.2,15.15
2024-10-19,97.70414,15.3,11.76
2024-10-20,103.222272,14.8,9.81
2024-10-21,129.53968799999998,15.2,14.29
2024-10-22,112.17017799999999,16.0,12.64
2024-10-23,115.18555400000001,15.3,11.32
2024-10-24,108.440009,15.4,8.19
2024-10-25,69.66791599999999,14.3,6.98
2024-10-26,74.080699,9.2,10.51
2024-10-27,76.300989,8.5,10.83
2024-10-28,96.10073299999999,12.7,12.04
2024-10-29,34.795676,14.3,5.44
2024-10-30,58.21617,14.5,12.1
2024-10-31,56.144009,14.3,10.72
2024-11-01,76.258206,14.4,9.33
2024-11-02,99.650826,13.3,9.58
2024-11-03,95.32931500000001,13.1,8.76
2024-11-04,83.857962,13.1,7.89
2024-11-05,92.26533599999999,13.4,8.32
2024-11-06,110.960499,13.7,12.0
2024-11-07,101.90366800000001,12.7,10.97
2024-11-08,52.745731,11.7,6.47
2024-11-09,80.468325,11.7,8.0
2024-11-10,99.799671,11.4,7.91
2024-11-11,101.895087,12.0,10.33
2024-11-12,95.810257,9.3,9.7
2024-11-13,41.52196300000001,6.4,4.2
2024-11-14,42.826743,11.3,8.1
2024-11-15,64.81374,12.7,6.72
2024-11-16,68.964955,11.2,8.61
2024-11-17,69.170248,11.2,10.41
2024-11-18,91.486012,12.3,10.36
2024-11-19,76.947102,11.0,8.52
2024-11-20,86.327885,11.6,9.97
2024-11-21,44.309895,10.1,8.34
2024-11-22,60.502094,11.4,8.44
2024-11-23,81.593619,10.7,5.35
2024-11-24,53.6684,11.5,8.28
2024-11-25,56.61894,14.1,3.74
2024-11-26,65.749432,7.5,6.78
2024-11-27,94.448549,7.0,9.85
2024-11-28,89.273273,7.0,9.9
2024-11-29,71.18300199999999,8.4,8.06
2024-11-30,82.509497,9.6,9.29
2024-12-01,52.128663,9.1,6.73
2024-12-02,58.667413,10.6,7.05
2024-12-03,62.543707999999995,9.7,8.25
2024-12-04,79.196451,10.7,8.74
2024-12-05,87.028701,8.5,8.78
2024-12-06,80.900057,9.4,8.8
2024-12-07,73.591454,9.8,6.78
2024-12-08,82.238025,6.9,6.0
2024-12-09,90.45674000000001,5.1,7.47
2024-12-10,93.67630199999999,4.7,6.83
2024-12-11,64.207244,5.4,4.2
2024-12-12,55.983633999999995,4.7,7.65
2024-12-13,72.330974,4.9,4.45
2024-12-14,79.75032300000001,3.6,7.52
2024-12-15,86.144068,3.2,8.98
2024-12-16,96.85674499999999,3.8,9.18
2024-12-17,75.264458,3.2,8.6
2024-12-18,71.188565,5.0,8.24
2024-12-19,48.863671000000004,9.2,5.62
2024-12-20,89.919883,5.5,9.04
2024-12-21,97.319705,3.6,8.97
2024-12-22,98.992289,4.4,8.92
2024-12-23,93.304079,6.8,7.87
2024-12-24,95.81408400000001,7.0,8.69
2024-12-25,97.693267,9.0,8.9
2024-12-26,83.739592,7.1,8.91
2024-12-27,86.501394,5.9,8.61
2024-12-28,88.21073799999999,4.4,8.58
2024-12-29,85.835792,4.0,9.16
2024-12-30,87.25082499999999,3.3,9.15
2024-12-31,78.08947900000001,3.1,9.12
2025-01-01,78.61962600000001,2.8,6.72
2025-01-02,92.66007499999999,2.9,6.74
2025-01-03,75.31558500000001,3.5,5.11
2025-01-04,70.08885799999999,4.1,2.75
2025-01-05,40.197193,7.3,2.6
2025-01-06,59.142055,8.9,6.52
2025-01-07,75.20043799999999,5.5,6.7
2025-01-08,58.883430999999995,8.7,5.67
2025-01-09,73.54755100000001,10.2,5.27
2025-01-10,61.666521,9.1,5.02
2025-01-11,58.963645,12.1,6.49
2025-01-12,89.43150800000001,8.8,10.01
2025-01-13,111.95327800000001,4.3,10.74
2025-01-14,114.804471,2.7,10.65
2025-01-15,115.461433,1.2,10.76
2025-01-16,105.059152,3.9,10.27
2025-01-17,102.399553,5.1,9.29
2025-01-18,116.687228,3.4,10.67
2025-01-19,98.919913,2.1,10.54
2025-01-20,28.554573,5.0,3.01
2025-01-21,34.124563,8.0,2.22
2025-01-22,47.494936,10.0,4.69
2025-01-23,71.692829,10.7,6.69
2025-01-24,65.254411,10.5,5.78
2025-01-25,49.974668,9.6,3.72
2025-01-26,43.835859,8.3,3.29
2025-01-27,49.203894999999996,12.1,7.5
2025-01-28,75.32543799999999,7.1,10.23
2025-01-29,35.765294999999995,5.9,1.83
2025-01-30,92.78200199999999,6.4,10.66
2025-01-31,123.50047599999999,4.3,12.39
2025-02-01,114.07313,4.8,11.57
2025-02-02,83.400291,4.9,8.77
2025-02-03,107.50250199999999,6.0,12.6
2025-02-04,128.80487399999998,5.6,12.79
2025-02-05,138.313839,5.8,13.28
2025-02-06,141.03321599999998,5.3,13.39
2025-02-07,86.44055800000001,4.3,6.17
2025-02-08,121.395053,6.8,12.67
2025-02-09,120.242721,6.6,11.79
2025-02-10,92.076458,8.7,10.78
2025-02-11,90.97107700000001,9.2,11.23
2025-02-12,103.786773,9.6,12.22
2025-02-13,135.617846,8.2,12.65
2025-02-14,140.61487400000001,9.0,13.83
2025-02-15,111.73965700000001,8.9,10.93
2025-02-16,130.032943,10.1,13.66
2025-02-17,121.866726,9.1,12.37
2025-02-18,88.613667,10.1,11.72
2025-02-19,113.71246099999999,11.3,13.0
2025-02-20,137.755664,10.3,12.87
2025-02-21,79.562765,11.0,9.42
2025-02-22,103.296415,9.6,12.89
2025-02-23,145.222938,8.3,16.06
2025-02-24,125.244018,9.0,12.57
2025-02-25,84.83444100000001,10.2,9.75
2025-02-26,153.756429,7.0,16.66
2025-02-27,114.94997500000001,7.6,11.64
2025-02-28,90.48689999999999,9.4,14.05
2025-03-01,63.946356,7.5,5.26
2025-03-02,42.935572,3.1,2.56
2025-03-03,60.300734,7.0,6.31
2025-03-04,85.845691,9.5,9.19
2025-03-05,62.105939,9.8,10.33
2025-03-06,85.159758,10.2,6.44
2025-03-07,65.024777,9.8,7.49
2025-03-08,56.004947,8.9,3.39
2025-03-09,99.83134600000001,6.0,8.55
2025-03-10,92.459655,7.1,9.31
2025-03-11,100.778132,8.4,8.27
2025-03-12,96.36389100000001,8.5,14.96
2025-03-13,68.616162,7.6,7.45
2025-03-14,110.12448699999999,6.4,14.08
2025-03-15,134.91804199999999,4.9,14.05
2025-03-16,110.196169,5.2,10.54
2025-03-17,77.820973,5.7,4.93
2025-03-18,80.771678,8.4,4.65
2025-03-19,115.12548699999999,11.0,14.49
2025-03-20,87.208448,11.6,8.23
2025-03-21,85.54285300000001,9.6,8.09
2025-03-22,92.622991,7.0,7.6
2025-03-23,109.938941,6.8,15.88
2025-03-24,142.483835,7.5,14.86
2025-03-25,141.089287,9.3,17.26
2025-03-26,138.336299,9.4,16.29
2025-03-27,139.15298199999998,9.0,20.77
2025-03-28,142.366346,10.5,22.0
2025-03-29,137.23510000000002,10.6,22.44
2025-03-30,126.506052,10.0,23.23
2025-03-31,155.117951,13.3,23.22
2025-04-01,143.138521,13.8,21.02
2025-04-02,108.960881,13.4,17.83
2025-04-03,81.97793399999999,10.0,4.28
2025-04-04,106.20123699999999,11.6,14.45
2025-04-05,129.63162300000002,11.4,16.47
2025-04-06,122.03953999999999,12.8,20.09
2025-04-07,181.30107999999998,13.8,23.55
2025-04-08,163.108845,15.6,24.07
2025-04-09,156.660793,15.6,23.93
2025-04-10,141.382894,15.3,21.87
2025-04-11,97.648113,12.9,11.07
2025-04-12,91.209139,13.1,13.46
2025-04-13,126.984649,13.2,15.15
2025-04-14,113.513735,12.1,20.9
2025-04-15,140.880298,8.6,18.41
2025-04-16,151.828988,7.5,14.99
2025-04-17,156.715372,11.3,24.48
2025-04-18,117.32259699999999,12.6,19.14
2025-04-19,115.151294,10.0,22.47
2025-04-20,120.653523,9.8,17.9
2025-04-21,176.66469,12.3,21.6
2025-04-22,166.79981700000002,13.3,19.77
2025-04-23,208.300915,13.8,26.0
2025-04-24,201.480707,16.8,26.47
2025-04-25,190.688693,17.9,25.04
2025-04-26,164.50664,16.8,22.31
2025-04-27,134.92314100000002,14.7,25.37
2025-04-28,73.62929700000001,15.8,27.12
2025-04-29,92.745243,16.1,25.57
2025-04-30,106.669814,15.3,15.86
2025-05-01,119.509345,15.6,18.22
2025-05-02,102.145329,15.0,17.48
2025-05-03,136.810164,14.3,21.0
2025-05-04,115.559518,13.0,21.06
2025-05-05,122.67572,12.6,18.92
2025-05-06,136.249133,11.8,20.66
2025-05-07,169.002507,12.6,23.89
2025-05-08,131.849324,12.8,14.56
2025-05-09,149.997715,13.1,22.64
2025-05-10,115.02289900000001,13.1,21.76
2025-05-11,118.607889,12.7,24.21
2025-05-12,165.29816200000002,12.9,23.1
2025-05-13,154.825099,14.2,26.65
2025-05-14,159.000192,14.4,23.18
2025-05-15,142.896062,14.3,21.09
2025-05-16,163.15814,16.3,27.07
2025-05-17,159.408567,18.2,27.81
2025-05-18,147.28804699999998,20.5,27.63
2025-05-19,162.068637,17.3,24.74
2025-05-20,176.252192,18.5,25.27
2025-05-21,193.317579,20.0,27.82
2025-05-22,171.184891,19.9,26.99
2025-05-23,178.27528099999998,17.3,29.55
2025-05-24,171.59785300000001,19.2,29.61
2025-05-25,157.241851,22.3,29.0
2025-05-26,206.840726,23.8,26.97
2025-05-27,212.696868,24.4,29.42
2025-05-28,205.654515,26.1,28.89
2025-05-29,204.965863,27.3,29.11
2025-05-30,196.34786,27.7,26.44
2025-05-31,179.186174,27.3,26.95
2025-06-01,151.258984,27.3,25.29
2025-06-02,176.095474,25.2,24.42
2025-06-03,158.11566399999998,21.2,21.77
2025-06-04,201.52730400000002,20.4,24.15
2025-06-05,213.792342,22.5,29.38
2025-06-06,228.599018,24.4,29.66
2025-06-07,195.125314,25.3,29.83
2025-06-08,172.162673,26.9,29.94
2025-06-09,196.761785,27.9,27.05
2025-06-10,166.697135,28.2,21.73
2025-06-11,170.128722,22.9,13.7
2025-06-12,222.59160500000002,21.6,29.29
2025-06-13,214.78269,24.4,29.28
2025-06-14,198.399308,26.7,29.36
2025-06-15,176.170114,28.8,28.54
2025-06-16,216.538094,28.5,28.29
2025-06-17,219.35201500000002,30.0,25.08
2025-06-18,222.269623,30.2,26.28
2025-06-19,190.20213099999998,29.8,24.53
2025-06-20,227.208121,29.8,26.91
2025-06-21,214.299608,30.7,25.26
2025-06-22,186.365478,29.2,27.62
2025-06-23,196.09773800000002,29.8,26.15
2025-06-24,181.963257,29.5,20.19
2025-06-25,228.063009,24.1,29.74
2025-06-26,239.71384799999998,25.7,30.3
2025-06-27,232.04532500000002,29.2,30.18
2025-06-28,227.34466899999998,31.4,29.45
2025-06-29,213.86244399999998,32.7,28.66
2025-06-30,202.026167,31.8,26.23
2025-07-01,204.55628,31.3,28.53
2025-07-02,190.73624600000002,31.0,28.15
2025-07-03,196.555969,30.0,26.34
2025-07-04,206.907671,29.2,29.03
2025-07-05,200.416676,29.1,25.86
2025-07-06,198.249161,28.5,27.35
2025-07-07,231.146266,28.5,29.03
2025-07-08,209.987804,26.1,28.02
2025-07-09,187.374516,29.9,27.82
2025-07-10,219.11989000000003,29.7,29.89
2025-07-11,205.467606,26.8,29.51
2025-07-12,175.91327299999998,23.5,25.35
2025-07-13,202.769867,25.9,29.35
2025-07-14,226.688481,28.6,29.6
2025-07-15,238.036552,30.3,29.46
2025-07-16,240.550576,31.0,29.27
2025-07-17,223.42052999999999,31.9,29.64
2025-07-18,213.318307,28.5,29.93
2025-07-19,189.617207,25.9,28.88
2025-07-20,169.300041,24.4,28.82
2025-07-21,232.533323,24.6,29.6
2025-07-22,223.059218,26.8,29.05
2025-07-23,164.000438,27.5,21.69
2025-07-24,171.282685,23.4,28.15
2025-07-25,192.582559,22.8,29.08
2025-07-26,203.3356,25.4,28.74
2025-07-27,184.741856,28.0,28.29
2025-07-28,200.952308,27.2,27.95
2025-07-29,183.14618,24.0,28.43
2025-07-30,201.026504,25.5,28.38
2025-07-31,209.34806,27.6,26.78
2025-08-01,195.612261,27.1,22.71
2025-08-02,196.022777,27.4,24.27
2025-08-03,177.16141,29.6,26.49
2025-08-04,215.698704,30.5,26.74
2025-08-05,198.837568,32.2,26.65
2025-08-06,202.32787,31.2,26.17
2025-08-07,229.160541,31.6,27.57
2025-08-08,210.34370199999998,31.8,25.73
2025-08-09,205.46995199999998,32.0,25.86
2025-08-10,184.99381,32.0,26.61
2025-08-11,217.42104999999998,32.2,25.88
2025-08-12,186.46113699999998,32.3,22.78
2025-08-13,180.237897,30.7,23.84
2025-08-14,193.93721299999999,30.5,24.69
2025-08-15,204.459244,32.1,25.54
2025-08-16,199.465777,33.0,25.76
2025-08-17,182.21471,32.9,25.03
2025-08-18,148.795017,31.1,19.3
2025-08-19,182.39140700000002,27.3,25.21
2025-08-20,176.971115,24.7,22.62
2025-08-21,197.700162,24.1,22.79
2025-08-22,194.24995800000002,24.9,24.06
2025-08-23,200.22602799999999,26.4,23.73
2025-08-24,167.429218,27.8,25.04
2025-08-25,167.65956599999998,28.4,18.11
2025-08-26,175.98434099999997,29.0,23.14
2025-08-27,175.346777,28.2,21.6
2025-08-28,173.369323,23.1,24.41
2025-08-29,167.667461,22.6,21.25
2025-08-30,189.81896,25.3,23.49
2025-08-31,142.516081,23.8,20.04
2025-09-01,183.243459,19.8,21.9
2025-09-02,179.413538,20.7,22.19
2025-09-03,187.585972,23.5,23.27
2025-09-04,197.859403,24.6,23.56
2025-09-05,182.244408,24.0,21.49
2025-09-06,150.02068400000002,25.8,22.51
2025-09-07,121.421428,24.3,11.06
2025-09-08,169.531089,23.2,18.26
2025-09-09,178.99842,21.7,22.29
2025-09-10,151.67273,21.4,14.17
2025-09-11,181.86797,22.9,21.77
2025-09-12,195.30757,24.4,20.1
2025-09-13,171.01613,24.6,19.76
2025-09-14,181.26450200000002,24.0,21.28
2025-09-15,206.43147,25.5,21.06
2025-09-16,200.865266,26.5,21.03
2025-09-17,199.83288399999998,26.9,20.78
2025-09-18,183.618299,27.5,20.19
2025-09-19,147.721114,27.5,18.77
2025-09-20,158.287127,25.6,18.73
2025-09-21,132.297168,21.6,20.17
2025-09-22,173.49962200000002,15.9,20.12
2025-09-23,165.661507,16.2,20.07
2025-09-24,168.526005,15.4,19.33
2025-09-25,182.813668,16.6,19.2
2025-09-26,189.46227,18.4,19.84
2025-09-27,143.738863,19.8,16.68
2025-09-28,93.243599,17.9,5.68
2025-09-29,114.695548,19.3,16.34
2025-09-30,150.40788899999998,19.0,12.09
2025-10-01,180.509883,20.8,17.26
2025-10-02,181.429407,21.4,18.44
2025-10-03,165.035109,21.4,16.61
2025-10-04,159.948334,22.4,17.86
2025-10-05,128.213133,20.7,17.74
2025-10-06,145.189867,18.0,17.43
2025-10-07,170.421106,21.2,16.94
2025-10-08,147.889275,21.7,16.02
2025-10-09,137.135745,20.6,15.6
2025-10-10,134.75317900000002,17.9,11.57
2025-10-11,143.457346,18.7,11.92
2025-10-12,126.351459,18.6,11.66
2025-10-13,123.777045,17.9,14.59
2025-10-14,153.57060099999998,17.7,15.49
2025-10-15,143.717439,18.8,15.15
2025-10-16,125.526936,18.5,12.71
2025-10-17,144.350476,17.8,13.72
2025-10-18,151.047193,17.5,15.43
2025-10-19,109.775127,17.7,12.54
2025-10-20,107.798057,18.2,12.48
2025-10-21,88.258083,17.3,10.14
2025-10-22,102.144515,17.9,11.55
2025-10-23,123.239762,19.0,12.78
2025-10-24,124.301037,17.7,9.1
2025-10-25,109.141388,17.6,8.86
2025-10-26,101.37405100000001,14.5,12.76
2025-10-27,153.137837,11.1,14.31
2025-10-28,123.816997,12.1,13.46
2025-10-29,58.441739999999996,12.5,3.99
2025-10-30,93.641521,13.5,6.1
2025-10-31,86.36860899999999,13.0,3.57
2025-11-01,95.119627,14.4,6.34
2025-11-02,116.15359699999999,14.0,12.41
2025-11-03,151.398463,11.2,12.82
2025-11-04,123.464033,11.3,11.8
2025-11-05,63.723739,13.5,6.36
2025-11-06,95.460159,10.2,9.05
2025-11-07,77.684602,9.5,3.15
2025-11-08,112.780141,10.8,11.03
2025-11-09,130.798381,8.0,11.62
2025-11-10,126.181018,8.6,11.38
2025-11-11,126.328439,10.5,9.53
2025-11-12,110.331602,12.8,11.34
2025-11-13,33.821002,12.7,1.82
2025-11-14,61.717408000000006,12.3,9.05
2025-11-15,39.634871,10.8,2.72
2025-11-16,80.871439,10.8,7.66
2025-11-17,89.97832000000001,9.8,8.29
2025-11-18,132.40956500000001,8.8,10.88
2025-11-19,113.42713499999999,6.0,10.4
2025-11-20,129.764174,5.5,9.22
2025-11-21,128.707712,5.6,7.56
2025-11-22,130.21590799999998,3.5,10.23
2025-11-23,105.015705,6.9,8.41
2025-11-24,43.36888,9.8,2.98
2025-11-25,119.37853299999999,8.5,9.15
2025-11-26,131.86413000000002,5.6,9.63
2025-11-27,138.946068,5.2,9.84
2025-11-28,137.979672,6.2,9.69
2025-11-29,104.925737,5.5,8.15
2025-11-30,68.699539,7.4,8.42
2025-12-01,117.37254700000001,5.3,9.49
2025-12-02,68.672785,5.6,6.68
2025-12-03,111.73402300000001,5.6,8.94
2025-12-04,42.049547,7.2,4.68
2025-12-05,54.819767,7.8,3.95
2025-12-06,60.88171,11.8,6.2
2025-12-07,76.79003599999999,10.9,6.11
2025-12-08,106.333602,8.1,4.36
2025-12-09,83.384838,7.4,6.27
2025-12-10,36.665735999999995,9.2,2.29
2025-12-11,83.075474,8.1,8.39
2025-12-12,38.248924,7.8,4.97
2025-12-13,80.980317,9.0,7.71
2025-12-14,81.02456699999999,7.4,7.59
2025-12-15,50.47712,7.9,3.98
2025-12-16,35.38769799999999,8.3,3.79
2025-12-17,82.444833,9.6,6.93
2025-12-18,89.586536,8.3,4.22
2025-12-19,35.850267,8.3,3.38
2025-12-20,65.71811199999999,7.5,4.13
2025-12-21,45.223048000000006,5.3,5.51
2025-12-22,73.35273299999999,2.2,7.16
2025-12-23,46.641661,3.6,6.05
2025-12-24,85.79796400000001,4.3,8.01
2025-12-25,78.607787,3.8,1.79
2025-12-26,90.739433,4.2,7.36
2025-12-27,72.126673,5.4,6.66
2025-12-28,60.5374,6.9,4.55
2025-12-29,100.03061699999999,6.9,7.73
2025-12-30,104.110354,5.0,8.85
2025-12-31,96.610633,3.4,9.08
2026-01-01,41.62081,1.1,5.0
2026-01-02,42.06342,5.9,4.59
2026-01-03,37.688370000000006,8.3,5.51
2026-01-04,43.667730000000006,8.0,6.83
2026-01-05,74.79588000000001,2.5,8.61
2026-01-06,114.49534,0.3,9.42
2026-01-07,92.203,1.7,6.4
2026-01-08,71.26929,2.8,3.62
2026-01-09,78.25295,7.9,8.77
2026-01-10,117.00374000000001,6.2,8.97
2026-01-11,119.45483999999999,3.9,9.36
2026-01-12,109.48836999999999,5.6,4.61
2026-01-13,59.19824,6.7,6.72
2026-01-14,80.34672,8.1,6.4
2026-01-15,72.05985000000001,4.9,3.83
2026-01-16,69.97036999999999,7.0,6.52
2026-01-17,71.26085,3.7,2.5
2026-01-18,109.67172000000001,4.2,6.87
2026-01-19,111.11664,3.9,8.36
2026-01-20,115.83544,3.9,10.59
2026-01-21,41.02601,4.8,2.06
2026-01-22,72.34011,5.9,7.05
2026-01-23,87.66429,5.0,6.61
2026-01-24,82.2054,3.3,7.26
2026-01-25,58.42926,6.3,6.46
2026-01-26,43.148019999999995,7.4,1.77
2026-01-27,58.383410000000005,8.5,6.49
2026-01-28,55.59735,4.5,6.31
2026-01-29,39.09867,9.3,2.46
2026-01-30,59.21329,8.0,5.59
2026-01-31,70.7701,7.2,11.33
2026-02-01,51.045370000000005,6.8,2.33
2026-02-02,55.12032,8.1,6.41
2026-02-03,74.06250999999999,5.5,6.6
2026-02-04,38.18919,6.0,4.66
2026-02-05,60.55614,9.5,8.28
2026-02-06,72.70958999999999,7.1,4.6
2026-02-07,45.87516,5.0,2.73
2026-02-08,63.20154,6.7,9.5
2026-02-09,59.159639999999996,8.6,7.98
2026-02-10,45.44429,12.7,3.97
2026-02-11,42.75048,12.4,3.78
2026-02-12,83.23154,9.9,11.47
2026-02-13,66.85034,8.7,7.52
2026-02-14,90.15625,6.6,10.73
2026-02-15,82.65492,7.2,13.39
2026-02-16,78.70043,9.7,9.99
2026-02-17,105.37481,11.6,13.77
2026-02-18,94.44731,9.1,9.52
2026-02-19,115.15212,7.6,14.27
2026-02-20,141.52202,6.9,15.43
2026-02-21,137.51033999999999,8.6,15.76
2026-02-22,128.08269,9.7,16.01
2026-02-23,153.00143,10.9,15.99
2026-02-24,140.30275,11.5,15.82
2026-02-25,130.22834,11.6,16.15
2026-02-26,140.68418,12.3,16.43
2026-02-27,144.17176999999998,11.6,16.57
2026-02-28,141.31815,11.4,16.49
2026-03-01,118.67062,9.8,11.25
2026-03-02,130.34941,9.9,16.02
2026-03-03,114.05297999999999,11.3,11.42
2026-03-04,87.4638,11.4,15.11
2026-03-05,101.06369000000001,11.3,15.07
2026-03-06,69.25411,9.3,5.46
2026-03-07,104.67389999999999,8.7,11.66
2026-03-08,126.5618,8.1,13.54
2026-03-09,104.91117999999999,7.2,7.46
2026-03-10,120.44738000000001,7.0,10.24
2026-03-11,177.58438,10.2,15.9
2026-03-12,183.44571,10.7,18.8
2026-03-13,179.84344000000002,11.2,18.56
2026-03-14,91.38848,10.5,6.38
2026-03-15,115.38208,9.7,18.04
2026-03-16,176.30716,10.4,20.29
2026-03-17,173.0573,12.7,20.27
2026-03-18,160.10214000000002,12.2,14.44
2026-03-19,142.72813,12.0,20.09
2026-03-20,98.96625999999999,9.8,9.67
2026-03-21,122.18786,9.1,9.9
2026-03-22,141.48223000000002,10.7,19.94
2026-03-23,174.86282,11.4,21.25
2026-03-24,194.39153,11.7,21.45
2026-03-25,170.26683,14.1,21.5
2026-03-26,160.47501,11.0,20.48
2026-03-27,164.40522,11.1,22.16
2026-03-28,132.93098,11.1,21.59
2026-03-29,111.36449,8.4,19.77
2026-03-30,176.6541,10.1,21.93
2026-03-31,168.07752,13.9,22.42
2026-04-01,168.90419,13.4,22.63
2026-04-02,147.70049,12.2,21.28
2026-04-03,154.79563000000002,13.2,23.02
2026-04-04,158.26778,16.7,23.12
2026-04-05,144.44226,18.8,23.35
2026-04-06,136.23179000000002,19.4,23.85
2026-04-07,128.5034,16.6,15.89
2026-04-08,152.2301,13.5,16.44
2026-04-09,184.84177,16.2,21.24
2026-04-10,196.31464000000003,20.2,23.41
2026-04-11,114.82229,18.9,18.1
2026-04-12,116.72552999999999,12.6,15.67
2026-04-13,167.51313000000002,10.0,18.51
2026-04-14,185.97573,14.2,21.76
2026-04-15,208.39069,16.8,24.81
2026-04-16,219.5794,18.4,25.46
2026-04-17,221.33583,19.5,24.56
2026-04-18,181.36813,21.1,23.84
2026-04-19,166.35013,21.4,24.78
2026-04-20,202.55922,20.9,24.47
2026-04-21,147.33870000000002,20.1,20.81
2026-04-22,192.62962,19.4,25.95
2026-04-23,170.21276999999998,20.1,23.63
2026-04-24,168.96729000000002,17.8,18.61
2026-04-25,156.63291,18.2,21.39
2026-04-26,149.21501999999998,19.9,24.6
2026-04-27,194.35719,20.8,26.65
2026-04-28,171.56307,19.7,26.17
2026-04-29,139.15859,16.1,15.81
2026-04-30,208.32242000000002,15.6,20.76
2026-05-01,156.55948999999998,17.4,26.56
2026-05-02,125.69081,15.5,11.46
2026-05-03,147.62901000000002,15.1,18.6
2026-05-04,172.37719,14.5,24.65
2026-05-05,206.3511,14.1,25.69
2026-05-06,227.96908,14.2,24.38
2026-05-07,186.61135000000002,13.9,19.7
2026-05-08,183.08509,13.1,17.5
2026-05-09,128.14409,13.2,15.35
2026-05-10,140.04144,12.0,16.02
2026-05-11,209.91966,13.1,21.52
2026-05-12,194.10052,13.1,24.78
2026-05-13,205.39727,14.5,25.21
2026-05-14,207.70546,15.7,28.18
2026-05-15,171.45699,13.1,22.85
2026-05-16,213.01082,13.1,29.76
2026-05-17,184.29384,15.8,26.0
2026-05-18,202.60297,17.5,28.18
2026-05-19,211.53873000000002,20.0,29.15
2026-05-20,233.01209,22.6,29.7
2026-05-21,224.41816,24.7,29.95
2026-05-22,222.78894,25.5,29.6
2026-05-23,200.92163,25.5,30.5
2026-05-24,172.48143,25.6,29.51
2026-05-25,216.68404,25.2,29.66
2026-05-26,249.60695,25.1,30.29
2026-05-27,244.52892,26.9,29.28
2026-05-28,260.42121,27.5,30.6
2026-05-29,269.39181,28.5,30.46
2026-05-30,238.48093,29.0,29.17
2026-05-31,222.14339999999999,28.3,28.46
2026-06-01,257.79302,27.8,29.55
2026-06-02,230.22617000000002,26.4,28.91
2026-06-03,248.86475,24.3,28.92
2026-06-04,215.69901000000002,24.0,29.02
2026-06-05,224.28927,21.7,27.26
2026-06-06,233.44492000000002,23.6,28.54
2026-06-07,190.50053,26.0,29.28
2026-06-08,248.32379999999998,26.9,30.55
2026-06-09,233.24753,25.7,30.3
2026-06-10,216.96051,24.1,30.65
2026-06-11,224.43312,24.4,30.36
2026-06-12,244.44298999999998,26.4,30.52
2026-06-13,219.24946,27.1,30.3
2026-06-14,199.71695000000003,25.9,25.79
2026-06-15,250.89148,23.2,28.55
2026-06-16,254.34860999999998,26.2,28.54
2026-06-17,251.99797,28.6,30.63
2026-06-18,259.77862,28.7,30.32
2026-06-19,258.83163,29.1,28.04
2026-06-20,233.84154999999998,27.9,25.23
2026-06-21,230.52115,31.0,29.96
2026-06-22,242.85259,32.0,27.85
2026-06-23,250.72987,32.5,30.95
2026-06-24,244.69665,32.1,30.1
2026-06-25,238.56948,27.9,27.1
2026-06-26,270.22634000000005,26.9,30.4
2026-06-27,250.95284,29.0,30.35
2026-06-28,209.41111999999998,28.2,26.57
2026-06-29,247.35435,26.2,29.62
2026-06-30,261.04268,29.8,28.85
2026-07-01,236.75534,30.0,29.56
2026-07-02,227.98411,26.3,31.13
2026-07-03,253.27549,28.4,30.7
2026-07-04,240.96477,30.8,30.22
2026-07-05,255.3064,31.2,29.61
2026-07-06,271.06465000000003,32.0,28.61
2026-07-07,248.39834,31.1,24.82
2026-07-08,280.23309,29.6,29.94
2026-07-09,277.63703000000004,31.1,30.37
2026-07-10,260.06968,29.9,27.98
2026-07-11,251.88988,29.8,29.83
2026-07-12,209.58827,27.5,27.62
2026-07-13,255.44004999999999,27.0,30.16
2026-07-14,255.0759,29.2,29.9
2026-07-15,220.10581,29.6,29.7
2026-07-16,232.74667000000002,29.3,29.58
2026-07-17,252.09773,28.0,30.16
2026-07-18,249.32956,29.0,28.33
2026-07-19,245.65776,29.2,29.11
2026-07-20,266.10531,29.2,29.84
2026-07-21,257.82767,30.1,29.42
2026-07-22,249.20424,31.8,28.08
2026-07-23,251.27486,31.1,29.29
2026-07-24,251.28667000000002,27.9,29.54
2026-07-25,201.4004,23.8,26.61
2026-07-26,197.75519,24.0,29.04
2026-07-27,263.88837,27.2,28.9
2026-07-28,263.23811,30.2,28.78
2026-07-29,269.76315,31.7,28.57
2026-07-30,268.28641,31.9,28.38
2026-07-31,266.39441,31.4,28.7
2026-08-01,267.4544,31.1,28.3
2026-08-02,248.20959,30.2,28.63
2026-08-03,220.6707,27.7,22.84
2026-08-04,264.52159,27.7,27.83
2026-08-05,287.15849,29.3,27.23
2026-08-06,277.61494,31.0,27.1
2026-08-07,278.28929999999997,31.4,27.76
2026-08-08,243.05948999999998,31.7,26.61
2026-08-09,249.19610999999998,30.2,26.32
2026-08-10,256.92216,29.8,27.48
2026-08-11,280.45549,29.4,27.41
2026-08-12,273.11996999999997,30.8,26.99
2026-08-13,270.66181,32.0,26.65
2026-08-14,240.53076000000001,30.1,24.3
2026-08-15,191.90678,26.5,19.3
2026-08-16,232.41514,26.0,25.5
2026-08-17,263.52578000000005,29.4,25.3
2026-08-18,274.32632,31.1,25.19
2026-08-19,261.17006,30.4,25.55
2026-08-20,204.99435999999997,26.7,23.34
2026-08-21,240.74559,25.6,24.13
2026-08-22,201.84679,26.3,22.67
2026-08-23,191.50513,26.9,23.27
2026-08-24,186.70504,24.1,21.6
2026-08-25,231.72295000000003,22.7,22.66
2026-08-26,190.09991,23.8,22.47
2026-08-27,177.50964000000002,18.7,13.37
2026-08-28,209.8395,18.9,24.76
2026-08-29,205.18698,22.4,24.68
2026-08-30,197.99913,25.2,24.56
2026-08-31,244.0721,26.4,24.3
2026-09-01,226.59429999999998,27.3,24.02
2026-09-02,244.14239999999998,27.9,24.02
2026-09-03,264.74791999999997,29.6,24.15
2026-09-04,236.79057999999998,30.7,22.93
2026-09-05,171.66286,30.4,15.54
2026-09-06,201.46417000000002,30.6,21.84
2026-09-07,240.58175,30.1,22.45
2026-09-08,223.63085999999998,29.2,21.91
2026-09-09,209.81028,22.9,20.85
2026-09-10,234.21207,19.2,22.03
2026-09-11,222.36793,23.0,22.8
2026-09-12,206.25073,24.6,22.35
2026-09-13,213.01924,25.6,21.96
2026-09-14,241.17421,26.6,21.94
2026-09-15,247.20929999999998,27.8,21.82
2026-09-16,186.59489000000002,23.6,16.94
2026-09-17,199.46654,20.2,18.1
2026-09-18,217.53653,21.3,20.51
2026-09-19,202.87861999999998,22.5,20.82
2026-09-20,191.70647,23.6,20.66
2026-09-21,227.70271,24.9,20.69
2026-09-22,218.90245000000002,25.8,21.04
2026-09-23,235.03659,25.8,20.26
